Timestamp,Symbol,Side,Price,Quantity
1970-01-01 01:00:00 +0100 BST,BTCUSDT,BUY,45081.89,0.002218185617328821
1970-01-01 01:00:00 +0100 BST,BTCUSDT,SELL,47798.97,0.0020711743370202327
1970-01-01 01:00:00 +0100 BST,BTCUSDT,BUY,47998.84,0.0020831753434041324
1970-01-01 01:00:00 +0100 BST,BTCUSDT,SELL,47879.95,0.0020674645650214755
1970-01-01 01:00:00 +0100 BST,BTCUSDT,BUY,47878.49,0.002088202886097703
1970-01-01 01:00:00 +0100 BST,BTCUSDT,SELL,48000,0.0020620875206250004
1970-01-01 01:00:00 +0100 BST,BTCUSDT,BUY,46070,0.0021699588235272412
1970-01-01 01:00:00 +0100 BST,BTCUSDT,SELL,45800.16,0.0021609160965791606
1970-01-01 01:00:00 +0100 BST,BTCUSDT,BUY,42450,0.0023547704593545353
1970-01-01 01:00:00 +0100 BST,BTCUSDT,SELL,42449,0.0023312776729629446
1970-01-01 01:00:00 +0100 BST,BTCUSDT,BUY,43495.35,0.002297947021900044
1970-01-01 01:00:00 +0100 BST,BTCUSDT,SELL,42509.99,0.002327700145283734
1970-01-01 01:00:00 +0100 BST,BTCUSDT,BUY,36400,0.002745604807637367
1970-01-01 01:00:00 +0100 BST,BTCUSDT,SELL,41689.99,0.0023732463079991183
1970-01-01 01:00:00 +0100 BST,BTCUSDT,BUY,41350,0.002416687327605813
1970-01-01 01:00:00 +0100 BST,BTCUSDT,SELL,39010,0.0025360348830180813
1970-01-01 01:00:00 +0100 BST,BTCUSDT,BUY,42617,0.002344604922786698
1970-01-01 01:00:00 +0100 BST,BTCUSDT,SELL,44799.9,0.0022080591187582264
1970-01-01 01:00:00 +0100 BST,BTCUSDT,BUY,46500,0.002148602924550565
1970-01-01 01:00:00 +0100 BST,BTCUSDT,SELL,45870.8,0.002156294105001117
1970-01-01 01:00:00 +0100 BST,BTCUSDT,BUY,46281.83,0.002158515447379719
1970-01-01 01:00:00 +0100 BST,BTCUSDT,SELL,44225,0.002236315308945666
1970-01-01 01:00:00 +0100 BST,BTCUSDT,BUY,44282.39,0.0022557512135976242
1970-01-01 01:00:00 +0100 BST,BTCUSDT,SELL,46500,0.002126691493197167
1970-01-01 01:00:00 +0100 BST,BTCUSDT,BUY,46350,0.0021549097298382944
1970-01-01 01:00:00 +0100 BST,BTCUSDT,SELL,46499.77,0.0021264893421671744
1970-01-01 01:00:00 +0100 BST,BTCUSDT,BUY,47206,0.0021156225473754854
1970-01-01 01:00:00 +0100 BST,BTCUSDT,SELL,54875.95,0.0018017251125801573
1970-01-01 01:00:00 +0100 BST,BTCUSDT,BUY,55525,0.001798470796282936
1970-01-01 01:00:00 +0100 BST,BTCUSDT,SELL,60769.63,0.0016268239588421705
1970-01-01 01:00:00 +0100 BST,BTCUSDT,BUY,60397.64,0.001653212028723534
1970-01-01 01:00:00 +0100 BST,BTCUSDT,SELL,71403.5,0.0013844083820116456
1970-01-01 01:00:00 +0100 BST,BTCUSDT,BUY,75408.87,0.0013239837693366605
1970-01-01 01:00:00 +0100 BST,BTCUSDT,SELL,76000,0.001300548930849711
1970-01-01 01:00:00 +0100 BST,BTCUSDT,BUY,74499,0.00134001981143403
1970-01-01 01:00:00 +0100 BST,BTCUSDT,SELL,73951.87,0.001336434556322965
1970-01-01 01:00:00 +0100 BST,BTCUSDT,BUY,73507.03,0.001357967434113861
1970-01-01 01:00:00 +0100 BST,BTCUSDT,SELL,74616.85,0.0013243918952521624
1970-01-01 01:00:00 +0100 BST,BTCUSDT,BUY,73501,0.0013579430334708204
1970-01-01 01:00:00 +0100 BST,BTCUSDT,SELL,72096.54,0.001370552167886384
1970-01-01 01:00:00 +0100 BST,BTCUSDT,BUY,73179.28,0.0013637766029680597
1970-01-01 01:00:00 +0100 BST,BTCUSDT,SELL,74008.2,0.0013350167682390328
1970-01-01 01:00:00 +0100 BST,BTCUSDT,BUY,74236,0.001344229347850906
1970-01-01 01:00:00 +0100 BST,BTCUSDT,SELL,76503.12,0.0012913500491011252
1970-01-01 01:00:00 +0100 BST,BTCUSDT,BUY,76861.59,0.001298180675758505
1970-01-01 01:00:00 +0100 BST,BTCUSDT,SELL,76849,0.0012854094202606726
1970-01-01 01:00:00 +0100 BST,BTCUSDT,BUY,76777.71,0.001299468984201125
1970-01-01 01:00:00 +0100 BST,BTCUSDT,SELL,75909.34,0.0013011910035676593
1970-01-01 01:00:00 +0100 BST,BTCUSDT,BUY,76509.02,0.0013039021516378885
1970-01-01 01:00:00 +0100 BST,BTCUSDT,SELL,84000,0.0011757461076158237
1970-01-01 01:00:00 +0100 BST,BTCUSDT,BUY,85498.63,0.0011666888670628579
1970-01-01 01:00:00 +0100 BST,BTCUSDT,SELL,81442.11,0.0012125520418420545
1970-01-01 01:00:00 +0100 BST,BTCUSDT,BUY,84249,0.0011838754731824646
1970-01-01 01:00:00 +0100 BST,BTCUSDT,SELL,84398.95,0.0011699543832328243
1970-01-01 01:00:00 +0100 BST,BTCUSDT,BUY,83709.09,0.001191392126084222
1970-01-01 01:00:00 +0100 BST,BTCUSDT,SELL,84700.03,0.0011656790109826254
1970-01-01 01:00:00 +0100 BST,BTCUSDT,BUY,84588.39,0.0011788896522632087
1970-01-01 01:00:00 +0100 BST,BTCUSDT,SELL,81892.89,0.0012055158133493474
1970-01-01 01:00:00 +0100 BST,BTCUSDT,BUY,82083.35,0.0012147458118465853
1970-01-01 01:00:00 +0100 BST,BTCUSDT,SELL,81980,0.0012041144374053308
1970-01-01 01:00:00 +0100 BST,BTCUSDT,BUY,80835.3,0.0012333774303339498
1970-01-01 01:00:00 +0100 BST,BTCUSDT,SELL,77164.06,0.001279137337360569
1970-01-01 01:00:00 +0100 BST,BTCUSDT,BUY,72695.82,0.0013713369565239721
1970-01-01 01:00:00 +0100 BST,BTCUSDT,SELL,68504,0.0014406977680910071
1970-01-01 01:00:00 +0100 BST,BTCUSDT,BUY,70779.53,0.0014083237837883274
1970-01-01 01:00:00 +0100 BST,BTCUSDT,SELL,71910.01,0.0013723220251160562
1970-01-01 01:00:00 +0100 BST,BTCUSDT,BUY,72394.51,0.0013767691425055437
1970-01-01 01:00:00 +0100 BST,BTCUSDT,SELL,70250,0.0014046095684022905
1970-01-01 01:00:00 +0100 BST,BTCUSDT,BUY,68500,0.001454898692000927
1970-01-01 01:00:00 +0100 BST,BTCUSDT,SELL,66499.95,0.0014836696087447113
1970-01-01 01:00:00 +0100 BST,BTCUSDT,BUY,67292.13,0.0014808655090279249
1970-01-01 01:00:00 +0100 BST,BTCUSDT,SELL,70497.93,0.001399389860135795
1970-01-01 01:00:00 +0100 BST,BTCUSDT,BUY,71000,0.0014033891448815311
1970-01-01 01:00:00 +0100 BST,BTCUSDT,SELL,76499,0.0012894838232358962
1970-01-01 01:00:00 +0100 BST,BTCUSDT,BUY,75950,0.0013117928271712974
1970-01-01 01:00:00 +0100 BST,BTCUSDT,SELL,73300,0.0013456256285323798
1970-01-01 01:00:00 +0100 BST,BTCUSDT,BUY,75381.27,0.0013215577577445653
1970-01-01 01:00:00 +0100 BST,BTCUSDT,SELL,77831.28,0.001267157563585827
1970-01-01 01:00:00 +0100 BST,BTCUSDT,BUY,79461,0.0012535802480074748
1970-01-01 01:00:00 +0100 BST,BTCUSDT,SELL,79100,0.0012467083778262042
1970-01-01 01:00:00 +0100 BST,BTCUSDT,BUY,78728.9,0.0012651107663502637
1970-01-01 01:00:00 +0100 BST,BTCUSDT,SELL,80192.43,0.0012296019864067487
1970-01-01 01:00:00 +0100 BST,BTCUSDT,BUY,80685.26,0.001234312425032924
1970-01-01 01:00:00 +0100 BST,BTCUSDT,SELL,89361.16,0.0011033306947410022
1970-01-01 01:00:00 +0100 BST,BTCUSDT,BUY,88650,0.0011233035516426224
1970-01-01 01:00:00 +0100 BST,BTCUSDT,SELL,101600.01,0.0009703252121194407
1970-01-01 01:00:00 +0100 BST,BTCUSDT,BUY,101133.92,0.0009845450642784652
1970-01-01 01:00:00 +0100 BST,BTCUSDT,SELL,101984.95,0.0009665660742046925
1970-01-01 01:00:00 +0100 BST,BTCUSDT,BUY,102967.93,0.0009669121703908826
1970-01-01 01:00:00 +0100 BST,BTCUSDT,SELL,100100,0.0009846686836182507
1970-01-01 01:00:00 +0100 BST,BTCUSDT,BUY,104800,0.0009499140131916867
1970-01-01 01:00:00 +0100 BST,BTCUSDT,SELL,114392.31,0.0008615568537488567
1970-01-01 01:00:00 +0100 BST,BTCUSDT,BUY,114561.06,0.0008688906464694943
1970-01-01 01:00:00 +0100 BST,BTCUSDT,SELL,109750,0.0008979100059115647
1970-01-01 01:00:00 +0100 BST,BTCUSDT,BUY,109208.21,0.0009113882498420419
1970-01-01 01:00:00 +0100 BST,BTCUSDT,SELL,112344.83,0.0008770832497274627
1970-01-01 01:00:00 +0100 BST,BTCUSDT,BUY,112071.04,0.0008880182272989005
1970-01-01 01:00:00 +0100 BST,BTCUSDT,SELL,111127.17,0.0008866050940523431
1970-01-01 01:00:00 +0100 BST,BTCUSDT,BUY,111050,0.000896093418817802
1970-01-01 01:00:00 +0100 BST,BTCUSDT,SELL,138764.21,0.0007099529656683071
1970-01-01 01:00:00 +0100 BST,BTCUSDT,BUY,144551,0.0006883468328984299
1970-01-01 01:00:00 +0100 BST,BTCUSDT,SELL,139374.98,0.000706771120698119
1970-01-01 01:00:00 +0100 BST,BTCUSDT,BUY,139663.15,0.0007123659527942532
1970-01-01 01:00:00 +0100 BST,BTCUSDT,SELL,140522.31,0.0007009304087784832
1970-01-01 01:00:00 +0100 BST,BTCUSDT,BUY,142589,0.0006976788096746923
1970-01-01 01:00:00 +0100 BST,BTCUSDT,SELL,140037.41,0.0007032871470186263
1970-01-01 01:00:00 +0100 BST,BTCUSDT,BUY,140514.04,0.0007079105807528232
1970-01-01 01:00:00 +0100 BST,BTCUSDT,SELL,136489.93,0.0007214939732456613
1970-01-01 01:00:00 +0100 BST,BTCUSDT,BUY,126998,0.0007831731879459472
1970-01-01 01:00:00 +0100 BST,BTCUSDT,SELL,120197.49,0.0008192085728040727
1970-01-01 01:00:00 +0100 BST,BTCUSDT,BUY,127510,0.000779950453924454
1970-01-01 01:00:00 +0100 BST,BTCUSDT,SELL,127666.01,0.0007712073680074129
1970-01-01 01:00:00 +0100 BST,BTCUSDT,BUY,134546.85,0.0007390848409432784
1970-01-01 01:00:00 +0100 BST,BTCUSDT,SELL,197866.85,0.0004975422707712406
1970-01-01 01:00:00 +0100 BST,BTCUSDT,BUY,197500,0.0005034511041921314
1970-01-01 01:00:00 +0100 BST,BTCUSDT,SELL,316900,0.0003106256773340691
1970-01-01 01:00:00 +0100 BST,BTCUSDT,BUY,319999,0.0003106936269133284
1970-01-01 01:00:00 +0100 BST,BTCUSDT,SELL,285000,0.0003453594155068483
1970-01-01 01:00:00 +0100 BST,BTCUSDT,BUY,298001,0.0003335952152967483
1970-01-01 01:00:00 +0100 BST,BTCUSDT,SELL,323700.03,0.0003040394858045266
1970-01-01 01:00:00 +0100 BST,BTCUSDT,BUY,322658.43,0.0003080711902765749
1970-01-01 01:00:00 +0100 BST,BTCUSDT,SELL,379000,0.0002596510525515626
1970-01-01 01:00:00 +0100 BST,BTCUSDT,BUY,289000,0.00034391635434675657
1970-01-01 01:00:00 +0100 BST,BTCUSDT,SELL,309805.51,0.00031761187250075224
1970-01-01 01:00:00 +0100 BST,BTCUSDT,BUY,295000,0.0003368877533002442
1970-01-01 01:00:00 +0100 BST,BTCUSDT,SELL,318790,0.00030862971972563856
1970-01-01 01:00:00 +0100 BST,BTCUSDT,BUY,311999.79,0.0003185000510251936
1970-01-01 01:00:00 +0100 BST,BTCUSDT,SELL,299700,0.00032825568750250643
1970-01-01 01:00:00 +0100 BST,BTCUSDT,BUY,297783.95,0.00033367148175697916
1970-01-01 01:00:00 +0100 BST,BTCUSDT,SELL,304100,0.0003234738300609889
1970-01-01 01:00:00 +0100 BST,BTCUSDT,BUY,303120.07,0.00032776475552662084
1970-01-01 01:00:00 +0100 BST,BTCUSDT,SELL,303501,0.0003240798378996266
1970-01-01 01:00:00 +0100 BST,BTCUSDT,BUY,302015,0.00032893114723175443
1970-01-01 01:00:00 +0100 BST,BTCUSDT,SELL,315000,0.000312218155640909
1970-01-01 01:00:00 +0100 BST,BTCUSDT,BUY,320100,0.0003103161706252896
1970-01-01 01:00:00 +0100 BST,BTCUSDT,SELL,350999.94,0.0002801678090172427
1970-01-01 01:00:00 +0100 BST,BTCUSDT,BUY,356000,0.0002789951488666671
1970-01-01 01:00:00 +0100 BST,BTCUSDT,SELL,349000,0.0002817451297036337
1970-01-01 01:00:00 +0100 BST,BTCUSDT,BUY,286400,0.0003467609663730232
1970-01-01 01:00:00 +0100 BST,BTCUSDT,SELL,283012.56,0.00034740231091348557
1970-01-01 01:00:00 +0100 BST,BTCUSDT,BUY,292000,0.000340076744983414
1970-01-01 01:00:00 +0100 BST,BTCUSDT,SELL,284899.96,0.0003450663364073667
1970-01-01 01:00:00 +0100 BST,BTCUSDT,BUY,293000,0.0003388821818914791
1970-01-01 01:00:00 +0100 BST,BTCUSDT,SELL,292100,0.0003365270609423531
1970-01-01 01:00:00 +0100 BST,BTCUSDT,BUY,296167.89,0.00033522388279929314
1970-01-01 01:00:00 +0100 BST,BTCUSDT,SELL,274448.74,0.0003581350912589769
1970-01-01 01:00:00 +0100 BST,BTCUSDT,BUY,230211.19,0.00043122413724228326
1970-01-01 01:00:00 +0100 BST,BTCUSDT,SELL,228480,0.00043014660177414496
1970-01-01 01:00:00 +0100 BST,BTCUSDT,BUY,229495.74,0.0004325252160632272
1970-01-01 01:00:00 +0100 BST,BTCUSDT,SELL,229495.74,0.00042819996390259493
1970-01-01 01:00:00 +0100 BST,BTCUSDT,BUY,210019.15,0.0004725891341796084
1970-01-01 01:00:00 +0100 BST,BTCUSDT,SELL,204579.92,0.0004803024684780447
1970-01-01 01:00:00 +0100 BST,BTCUSDT,BUY,212969.93,0.00046599462648464656
1970-01-01 01:00:00 +0100 BST,BTCUSDT,SELL,201301,0.00048807713102758164
1970-01-01 01:00:00 +0100 BST,BTCUSDT,BUY,210000.21,0.0004725372355509219
1970-01-01 01:00:00 +0100 BST,BTCUSDT,SELL,211647.79,0.0004641701645527597
1970-01-01 01:00:00 +0100 BST,BTCUSDT,BUY,189833.02,0.000522685649770747
1970-01-01 01:00:00 +0100 BST,BTCUSDT,SELL,183142.23,0.0005363632705170007
1970-01-01 01:00:00 +0100 BST,BTCUSDT,BUY,162023.33,0.000612338192944822
1970-01-01 01:00:00 +0100 BST,BTCUSDT,SELL,171980.85,0.0005711155769728521
1970-01-01 01:00:00 +0100 BST,BTCUSDT,BUY,141000,0.0007035684524807933
1970-01-01 01:00:00 +0100 BST,BTCUSDT,SELL,153900,0.0006381489297062634
1970-01-01 01:00:00 +0100 BST,BTCUSDT,BUY,159000.04,0.0006238566448449439
1970-01-01 01:00:00 +0100 BST,BTCUSDT,SELL,158211.11,0.00062069787115308
1970-01-01 01:00:00 +0100 BST,BTCUSDT,BUY,156144.07,0.0006352038355440806
1970-01-01 01:00:00 +0100 BST,BTCUSDT,SELL,160540.65,0.0006116300079752311
1970-01-01 01:00:00 +0100 BST,BTCUSDT,BUY,165630.1,0.0005987643177794813
1970-01-01 01:00:00 +0100 BST,BTCUSDT,SELL,185898.76,0.0005281458568736273
1970-01-01 01:00:00 +0100 BST,BTCUSDT,BUY,190510.73,0.0005205138654965221
1970-01-01 01:00:00 +0100 BST,BTCUSDT,SELL,200799.25,0.0004889054203437294
1970-01-01 01:00:00 +0100 BST,BTCUSDT,BUY,204495.45,0.0004848692728528442
1970-01-01 01:00:00 +0100 BST,BTCUSDT,SELL,198973.33,0.0004933426230630156
1970-01-01 01:00:00 +0100 BST,BTCUSDT,BUY,205000.03,0.0004836274647725703
1970-01-01 01:00:00 +0100 BST,BTCUSDT,SELL,199974,0.0004908248489270048
1970-01-01 01:00:00 +0100 BST,BTCUSDT,BUY,196000,0.0005057843388914394
1970-01-01 01:00:00 +0100 BST,BTCUSDT,SELL,184178,0.0005328670803162968
1970-01-01 01:00:00 +0100 BST,BTCUSDT,BUY,193332.19,0.000512712430608063
1970-01-01 01:00:00 +0100 BST,BTCUSDT,SELL,186005.97,0.0005275775765647902
1970-01-01 01:00:00 +0100 BST,BTCUSDT,BUY,178197.99,0.0005562010248711273
1970-01-01 01:00:00 +0100 BST,BTCUSDT,SELL,176451,0.0005560907312585088
1970-01-01 01:00:00 +0100 BST,BTCUSDT,BUY,190999.03,0.0005188717098589878
1970-01-01 01:00:00 +0100 BST,BTCUSDT,SELL,198000.29,0.0004955192406270366
1970-01-01 01:00:00 +0100 BST,BTCUSDT,BUY,202000,0.0004905647667236651
1970-01-01 01:00:00 +0100 BST,BTCUSDT,SELL,210169.93,0.0004667801052671929
1970-01-01 01:00:00 +0100 BST,BTCUSDT,BUY,213947.9,0.0004631229073521757
1970-01-01 01:00:00 +0100 BST,BTCUSDT,SELL,212578,0.00046144630081755214
1970-01-01 01:00:00 +0100 BST,BTCUSDT,BUY,176578,0.0005610793250152655
1970-01-01 01:00:00 +0100 BST,BTCUSDT,SELL,168437.69,0.0005823133907976301
1970-01-01 01:00:00 +0100 BST,BTCUSDT,BUY,181666.67,0.0005453083805963981
1970-01-01 01:00:00 +0100 BST,BTCUSDT,SELL,172900,0.0005672279586453433
1970-01-01 01:00:00 +0100 BST,BTCUSDT,BUY,171954.88,0.0005760490844474881
1970-01-01 01:00:00 +0100 BST,BTCUSDT,SELL,160500,0.0006109900727624605
1970-01-01 01:00:00 +0100 BST,BTCUSDT,BUY,153778,0.000644074872512054
1970-01-01 01:00:00 +0100 BST,BTCUSDT,SELL,154600,0.0006342438569709383
1970-01-01 01:00:00 +0100 BST,BTCUSDT,BUY,152589.6,0.0006490261544075358
1970-01-01 01:00:00 +0100 BST,BTCUSDT,SELL,164801,0.0005949253637883161
1970-01-01 01:00:00 +0100 BST,BTCUSDT,BUY,160510.84,0.0006169348925371961
1970-01-01 01:00:00 +0100 BST,BTCUSDT,SELL,160695.36,0.0006100642261742375
1970-01-01 01:00:00 +0100 BST,BTCUSDT,BUY,146151.75,0.0006774796425815799
1970-01-01 01:00:00 +0100 BST,BTCUSDT,SELL,145500,0.0006737091889975649
1970-01-01 01:00:00 +0100 BST,BTCUSDT,BUY,148730.07,0.0006656685757569881
1970-01-01 01:00:00 +0100 BST,BTCUSDT,SELL,146280.29,0.0006700484701694656
1970-01-01 01:00:00 +0100 BST,BTCUSDT,BUY,125100.01,0.0007913271419862418
1970-01-01 01:00:00 +0100 BST,BTCUSDT,SELL,125788.79,0.000779124141682202
1970-01-01 01:00:00 +0100 BST,BTCUSDT,BUY,126410.67,0.000783044136008556
1970-01-01 01:00:00 +0100 BST,BTCUSDT,SELL,130200,0.0007526519395828614
1970-01-01 01:00:00 +0100 BST,BTCUSDT,BUY,125082.3,0.0007912809035253224
1970-01-01 01:00:00 +0100 BST,BTCUSDT,SELL,126313,0.000775735537952825
1970-01-01 01:00:00 +0100 BST,BTCUSDT,BUY,129000,0.0007671731615154228
1970-01-01 01:00:00 +0100 BST,BTCUSDT,SELL,123980,0.0007902539478717104
1970-01-01 01:00:00 +0100 BST,BTCUSDT,BUY,126122,0.0007846009522661074
1970-01-01 01:00:00 +0100 BST,BTCUSDT,SELL,146314.99,0.0006695546839642946
1970-01-01 01:00:00 +0100 BST,BTCUSDT,BUY,146000,0.0006777092175176425
1970-01-01 01:00:00 +0100 BST,BTCUSDT,SELL,146042,0.000670739172977637
1970-01-01 01:00:00 +0100 BST,BTCUSDT,BUY,146699,0.0006744125808833058
1970-01-01 01:00:00 +0100 BST,BTCUSDT,SELL,143999.99,0.0006801826492555317
1970-01-01 01:00:00 +0100 BST,BTCUSDT,BUY,146447.75,0.0006755020656710654
1970-01-01 01:00:00 +0100 BST,BTCUSDT,SELL,162474.06,0.0006027823768391149
1970-01-01 01:00:00 +0100 BST,BTCUSDT,BUY,163891.73,0.0006035439680947657
1970-01-01 01:00:00 +0100 BST,BTCUSDT,SELL,164600.94,0.0005949340654524502
1970-01-01 01:00:00 +0100 BST,BTCUSDT,BUY,166154.1,0.0005952665235200923
1970-01-01 01:00:00 +0100 BST,BTCUSDT,SELL,172250.06,0.0005684579369136572
1970-01-01 01:00:00 +0100 BST,BTCUSDT,BUY,173500,0.0005700062413732692
1970-01-01 01:00:00 +0100 BST,BTCUSDT,SELL,167750,0.000583649013707777
1970-01-01 01:00:00 +0100 BST,BTCUSDT,BUY,172800,0.0005722580629049442
1970-01-01 01:00:00 +0100 BST,BTCUSDT,SELL,173599.99,0.0005639247521689065
1970-01-01 01:00:00 +0100 BST,BTCUSDT,BUY,173987.48,0.0005682955155776001
1970-01-01 01:00:00 +0100 BST,BTCUSDT,SELL,170799.6,0.0005731134124678332
1970-01-01 01:00:00 +0100 BST,BTCUSDT,BUY,172011.18,0.0005747673902369737
1970-01-01 01:00:00 +0100 BST,BTCUSDT,SELL,173000,0.0005657673575143381
1970-01-01 01:00:00 +0100 BST,BTCUSDT,BUY,170394.14,0.0005801639092663651
1970-01-01 01:00:00 +0100 BST,BTCUSDT,SELL,176010,0.0005560363904022244
1970-01-01 01:00:00 +0100 BST,BTCUSDT,BUY,179522,0.0005506102022339462
1970-01-01 01:00:00 +0100 BST,BTCUSDT,SELL,180256.92,0.0005428816728821731
1970-01-01 01:00:00 +0100 BST,BTCUSDT,BUY,175550,0.0005630120197150096
1970-01-01 01:00:00 +0100 BST,BTCUSDT,SELL,174700,0.0005600938320570134
1970-01-01 01:00:00 +0100 BST,BTCUSDT,BUY,176152.93,0.0005610288536498589
1970-01-01 01:00:00 +0100 BST,BTCUSDT,SELL,176900,0.0005530729656365981
1970-01-01 01:00:00 +0100 BST,BTCUSDT,BUY,174519.79,0.0005662222817098584
1970-01-01 01:00:00 +0100 BST,BTCUSDT,SELL,175579.37,0.0005571772114249646
1970-01-01 01:00:00 +0100 BST,BTCUSDT,BUY,179500,0.0005504574484565772
1970-01-01 01:00:00 +0100 BST,BTCUSDT,SELL,176227.35,0.0005550729831548623
1970-01-01 01:00:00 +0100 BST,BTCUSDT,BUY,166200.41,0.0005944463752331045
1970-01-01 01:00:00 +0100 BST,BTCUSDT,SELL,166010,0.0005891769108721658
1970-01-01 01:00:00 +0100 BST,BTCUSDT,BUY,169600,0.0005824725917666694
1970-01-01 01:00:00 +0100 BST,BTCUSDT,SELL,165147.43,0.0005921949741996643
1970-01-01 01:00:00 +0100 BST,BTCUSDT,BUY,172517.4,0.0005725652764791885
1970-01-01 01:00:00 +0100 BST,BTCUSDT,SELL,169311.12,0.0005775739839189892
1970-01-01 01:00:00 +0100 BST,BTCUSDT,BUY,166490,0.0005932343989500145
1970-01-01 01:00:00 +0100 BST,BTCUSDT,SELL,162503.06,0.000601711248578187
1970-01-01 01:00:00 +0100 BST,BTCUSDT,BUY,164900,0.0005988945926117635
1970-01-01 01:00:00 +0100 BST,BTCUSDT,SELL,165649.92,0.0005902214811722396
1970-01-01 01:00:00 +0100 BST,BTCUSDT,BUY,166600,0.0005927241449570686
1970-01-01 01:00:00 +0100 BST,BTCUSDT,SELL,165500.01,0.0005906970285037997
1970-01-01 01:00:00 +0100 BST,BTCUSDT,BUY,147511.55,0.0006693575368545219
1970-01-01 01:00:00 +0100 BST,BTCUSDT,SELL,144900,0.0006746072331810678
1970-01-01 01:00:00 +0100 BST,BTCUSDT,BUY,145950.01,0.0006764514368228962
1970-01-01 01:00:00 +0100 BST,BTCUSDT,SELL,141321.28,0.000691621339893949
1970-01-01 01:00:00 +0100 BST,BTCUSDT,BUY,146005.86,0.000676125062099694
1970-01-01 01:00:00 +0100 BST,BTCUSDT,SELL,144000,0.0006786877704710072
1970-01-01 01:00:00 +0100 BST,BTCUSDT,BUY,149721.28,0.0006592806936816414
1970-01-01 01:00:00 +0100 BST,BTCUSDT,SELL,149856.55,0.0006520987293777299
1970-01-01 01:00:00 +0100 BST,BTCUSDT,BUY,149344.94,0.0006608759459970289
1970-01-01 01:00:00 +0100 BST,BTCUSDT,SELL,152257.89,0.0006417499527764757
1970-01-01 01:00:00 +0100 BST,BTCUSDT,BUY,155199.14,0.0006358837339853771
1970-01-01 01:00:00 +0100 BST,BTCUSDT,SELL,151041.76,0.0006468523841881484
1970-01-01 01:00:00 +0100 BST,BTCUSDT,BUY,154999.99,0.0006366370720001586
1970-01-01 01:00:00 +0100 BST,BTCUSDT,SELL,154002.93,0.0006343512580943577
1970-01-01 01:00:00 +0100 BST,BTCUSDT,BUY,142952.6,0.0006902208978337887
1970-01-01 01:00:00 +0100 BST,BTCUSDT,SELL,140000,0.0006977298800034124
1970-01-01 01:00:00 +0100 BST,BTCUSDT,BUY,135194.21,0.0007297576207774172
1970-01-01 01:00:00 +0100 BST,BTCUSDT,SELL,135853.98,0.0007189514431756631
1970-01-01 01:00:00 +0100 BST,BTCUSDT,BUY,135945.65,0.0007256513108876914
1970-01-01 01:00:00 +0100 BST,BTCUSDT,SELL,134317.84,0.0007271010890337387
1970-01-01 01:00:00 +0100 BST,BTCUSDT,BUY,134000,0.0007361139867019856
1970-01-01 01:00:00 +0100 BST,BTCUSDT,SELL,133600,0.0007309347415859686
1970-01-01 01:00:00 +0100 BST,BTCUSDT,BUY,138497.4,0.0007121390747454049
1970-01-01 01:00:00 +0100 BST,BTCUSDT,SELL,137000,0.0007127234758229037
1970-01-01 01:00:00 +0100 BST,BTCUSDT,BUY,137621.54,0.000716599649659604
1970-01-01 01:00:00 +0100 BST,BTCUSDT,SELL,136986.86,0.0007127205622212162
1970-01-01 01:00:00 +0100 BST,BTCUSDT,BUY,136833.16,0.0007206563481752537
1970-01-01 01:00:00 +0100 BST,BTCUSDT,SELL,136883.4,0.0007131879288571982
1970-01-01 01:00:00 +0100 BST,BTCUSDT,BUY,122803.41,0.0008029078706066933
1970-01-01 01:00:00 +0100 BST,BTCUSDT,SELL,118139.9,0.0008262562113399225
1970-01-01 01:00:00 +0100 BST,BTCUSDT,BUY,123093.01,0.0008009387734031208
1970-01-01 01:00:00 +0100 BST,BTCUSDT,SELL,125410.97,0.0007782737411205663
1970-01-01 01:00:00 +0100 BST,BTCUSDT,BUY,123624,0.0007974188300609405
1970-01-01 01:00:00 +0100 BST,BTCUSDT,SELL,122438.58,0.0007970878492136968
1970-01-01 01:00:00 +0100 BST,BTCUSDT,BUY,122504.9,0.0008046228962017759
1970-01-01 01:00:00 +0100 BST,BTCUSDT,SELL,124221.04,0.0007855717917233657
1970-01-01 01:00:00 +0100 BST,BTCUSDT,BUY,130800,0.0007535198043743521
1970-01-01 01:00:00 +0100 BST,BTCUSDT,SELL,126200,0.0007731758043426593
1970-01-01 01:00:00 +0100 BST,BTCUSDT,BUY,128253.32,0.0007684053276213359
1970-01-01 01:00:00 +0100 BST,BTCUSDT,SELL,127446.99,0.0007655341960558879
1970-01-01 01:00:00 +0100 BST,BTCUSDT,BUY,126222.6,0.0007806896650812669
1970-01-01 01:00:00 +0100 BST,BTCUSDT,SELL,125357.63,0.0007782156740398637
1970-01-01 01:00:00 +0100 BST,BTCUSDT,BUY,127753.19,0.0007712592167111815
1970-01-01 01:00:00 +0100 BST,BTCUSDT,SELL,126669.43,0.0007700793869462996
1970-01-01 01:00:00 +0100 BST,BTCUSDT,BUY,128380,0.0007674168263688235
1970-01-01 01:00:00 +0100 BST,BTCUSDT,SELL,126200,0.0007728665804083776
1970-01-01 01:00:00 +0100 BST,BTCUSDT,BUY,123908.04,0.0007950341242748463
1970-01-01 01:00:00 +0100 BST,BTCUSDT,SELL,118815.67,0.0008208177328065607
1970-01-01 01:00:00 +0100 BST,BTCUSDT,BUY,119094.09,0.0008270878005785629
1970-01-01 01:00:00 +0100 BST,BTCUSDT,SELL,118500,0.0008229219938430832
1970-01-01 01:00:00 +0100 BST,BTCUSDT,BUY,119105.43,0.0008269263528380647
1970-01-01 01:00:00 +0100 BST,BTCUSDT,SELL,137353.99,0.0007098920435058225
1970-01-01 01:00:00 +0100 BST,BTCUSDT,BUY,138319.03,0.000711988579526809
1970-01-01 01:00:00 +0100 BST,BTCUSDT,SELL,138400,0.0007044563149878167
1970-01-01 01:00:00 +0100 BST,BTCUSDT,BUY,139910,0.0007038218964638479
1970-01-01 01:00:00 +0100 BST,BTCUSDT,SELL,152100,0.0006409401993354003
1970-01-01 01:00:00 +0100 BST,BTCUSDT,BUY,154184.64,0.0006385971674098246
1970-01-01 01:00:00 +0100 BST,BTCUSDT,SELL,146501.01,0.0006653691713011568
1970-01-01 01:00:00 +0100 BST,BTCUSDT,BUY,152350.07,0.0006462224019632371
1970-01-01 01:00:00 +0100 BST,BTCUSDT,SELL,151897.47,0.0006416664338972903
1970-01-01 01:00:00 +0100 BST,BTCUSDT,BUY,152996.6,0.0006434272589838588
1970-01-01 01:00:00 +0100 BST,BTCUSDT,SELL,151921.72,0.0006414998536228483
1970-01-01 01:00:00 +0100 BST,BTCUSDT,BUY,148650,0.0006621751682041888
1970-01-01 01:00:00 +0100 BST,BTCUSDT,SELL,148982.79,0.0006540890754295655
1970-01-01 01:00:00 +0100 BST,BTCUSDT,BUY,143080.01,0.0006878843209451643
1970-01-01 01:00:00 +0100 BST,BTCUSDT,SELL,142984.12,0.0006814621831045331
1970-01-01 01:00:00 +0100 BST,BTCUSDT,BUY,140252.32,0.0007016828903088758
1970-01-01 01:00:00 +0100 BST,BTCUSDT,SELL,137976.08,0.0007061262121479615
1970-01-01 01:00:00 +0100 BST,BTCUSDT,BUY,133464.99,0.000737293068427895
1970-01-01 01:00:00 +0100 BST,BTCUSDT,SELL,130902.43,0.000744209132594027
1970-01-01 01:00:00 +0100 BST,BTCUSDT,BUY,134499.99,0.0007315463125580742
1970-01-01 01:00:00 +0100 BST,BTCUSDT,SELL,124050,0.000785240161276597
1970-01-01 01:00:00 +0100 BST,BTCUSDT,BUY,122800,0.0008011655735050934
1970-01-01 01:00:00 +0100 BST,BTCUSDT,SELL,123000,0.0007918642366029369
1970-01-01 01:00:00 +0100 BST,BTCUSDT,BUY,121900,0.0008069999517078166
1970-01-01 01:00:00 +0100 BST,BTCUSDT,SELL,120550,0.0008078769072754128
1970-01-01 01:00:00 +0100 BST,BTCUSDT,BUY,120459.34,0.0008165697801745512
1970-01-01 01:00:00 +0100 BST,BTCUSDT,SELL,120801,0.0008061176829325405
1970-01-01 01:00:00 +0100 BST,BTCUSDT,BUY,120999.97,0.0008128400398619367
1970-01-01 01:00:00 +0100 BST,BTCUSDT,SELL,122642.39,0.0007939349863755283
1970-01-01 01:00:00 +0100 BST,BTCUSDT,BUY,122582.92,0.0008022633583540787
1970-01-01 01:00:00 +0100 BST,BTCUSDT,SELL,122375,0.0007955901714017476
1970-01-01 01:00:00 +0100 BST,BTCUSDT,BUY,122100,0.0008053558615687285
1970-01-01 01:00:00 +0100 BST,BTCUSDT,SELL,122168.7,0.0007968539502390247
1970-01-01 01:00:00 +0100 BST,BTCUSDT,BUY,123100.02,0.0007987335607457414
1970-01-01 01:00:00 +0100 BST,BTCUSDT,SELL,121996.36,0.0007978998400398771
1970-01-01 01:00:00 +0100 BST,BTCUSDT,BUY,121611.26,0.0008084307726993515
1970-01-01 01:00:00 +0100 BST,BTCUSDT,SELL,121732.38,0.0007995501446848762
1970-01-01 01:00:00 +0100 BST,BTCUSDT,BUY,123647,0.0007950411531396044
1970-01-01 01:00:00 +0100 BST,BTCUSDT,SELL,121127.4,0.0008034632042595659
1970-01-01 01:00:00 +0100 BST,BTCUSDT,BUY,122984.4,0.0007992446441736223
1970-01-01 01:00:00 +0100 BST,BTCUSDT,SELL,124570.01,0.0007811806131085432
1970-01-01 01:00:00 +0100 BST,BTCUSDT,BUY,125859.99,0.0007809057791487567
1970-01-01 01:00:00 +0100 BST,BTCUSDT,SELL,126300,0.0007704033699054527
1970-01-01 01:00:00 +0100 BST,BTCUSDT,BUY,126494.11,0.0007769133683398323
1970-01-01 01:00:00 +0100 BST,BTCUSDT,SELL,132832.39,0.0007324434606988309
1970-01-01 01:00:00 +0100 BST,BTCUSDT,BUY,130832.14,0.0007510779658480076
1970-01-01 01:00:00 +0100 BST,BTCUSDT,SELL,131999.95,0.0007369888110029917
1970-01-01 01:00:00 +0100 BST,BTCUSDT,BUY,131827.01,0.0007453352015264845
1970-01-01 01:00:00 +0100 BST,BTCUSDT,SELL,137759.95,0.0007061033192472416
1970-01-01 01:00:00 +0100 BST,BTCUSDT,BUY,138500,0.0007093536861651797
1970-01-01 01:00:00 +0100 BST,BTCUSDT,SELL,137499.99,0.0007073675472888298
1970-01-01 01:00:00 +0100 BST,BTCUSDT,BUY,125452,0.0007830537654666647
1970-01-01 01:00:00 +0100 BST,BTCUSDT,SELL,121899,0.0007978187218555589
1970-01-01 01:00:00 +0100 BST,BTCUSDT,BUY,124978.74,0.0007859403720922893
1970-01-01 01:00:00 +0100 BST,BTCUSDT,SELL,124546.99,0.0007807782351466963
1970-01-01 01:00:00 +0100 BST,BTCUSDT,BUY,125359.45,0.0007834751575209013
1970-01-01 01:00:00 +0100 BST,BTCUSDT,SELL,122305.14,0.0007950103706772153
1970-01-01 01:00:00 +0100 BST,BTCUSDT,BUY,124600,0.0007881716952969503
1970-01-01 01:00:00 +0100 BST,BTCUSDT,SELL,123976.94,0.0007842114130390701
1970-01-01 01:00:00 +0100 BST,BTCUSDT,BUY,124500,0.0007887258844552338
1970-01-01 01:00:00 +0100 BST,BTCUSDT,SELL,123111.89,0.0007896427297845061
1970-01-01 01:00:00 +0100 BST,BTCUSDT,BUY,123900,0.0007924661257257074
1970-01-01 01:00:00 +0100 BST,BTCUSDT,SELL,120300.93,0.0008080127680446111
1970-01-01 01:00:00 +0100 BST,BTCUSDT,BUY,119958.23,0.0008184243325540684
1970-01-01 01:00:00 +0100 BST,BTCUSDT,SELL,118750,0.000818483932453863
1970-01-01 01:00:00 +0100 BST,BTCUSDT,BUY,122298,0.0008026861980464536
1970-01-01 01:00:00 +0100 BST,BTCUSDT,SELL,123572.45,0.0007864637100114009
1970-01-01 01:00:00 +0100 BST,BTCUSDT,BUY,120863.71,0.0008121304563381376
1970-01-01 01:00:00 +0100 BST,BTCUSDT,SELL,119024.12,0.0008164356010987532
1970-01-01 01:00:00 +0100 BST,BTCUSDT,BUY,120129.25,0.0008170140431828605
1970-01-01 01:00:00 +0100 BST,BTCUSDT,SELL,120200.07,0.0008083673445826977
1970-01-01 01:00:00 +0100 BST,BTCUSDT,BUY,120990.8,0.000811115138660129
1970-01-01 01:00:00 +0100 BST,BTCUSDT,SELL,122499.95,0.0007931113018692166
1970-01-01 01:00:00 +0100 BST,BTCUSDT,BUY,121500,0.0008076350269271447
1970-01-01 01:00:00 +0100 BST,BTCUSDT,SELL,121005.11,0.0008028287335463073
1970-01-01 01:00:00 +0100 BST,BTCUSDT,BUY,122321.66,0.0008021297536844326
1970-01-01 01:00:00 +0100 BST,BTCUSDT,SELL,121130.66,0.0008019164146881573
1970-01-01 01:00:00 +0100 BST,BTCUSDT,BUY,121650,0.0008064778563236358
1970-01-01 01:00:00 +0100 BST,BTCUSDT,SELL,124281.29,0.0007815090341398338
1970-01-01 01:00:00 +0100 BST,BTCUSDT,BUY,123995.98,0.0007911403290546042
1970-01-01 01:00:00 +0100 BST,BTCUSDT,SELL,126399,0.000768338659439249
1970-01-01 01:00:00 +0100 BST,BTCUSDT,BUY,126839,0.0007733300530326339
1970-01-01 01:00:00 +0100 BST,BTCUSDT,SELL,125500,0.0007737651513198421
1970-01-01 01:00:00 +0100 BST,BTCUSDT,BUY,125353.01,0.0007824191996310785
1970-01-01 01:00:00 +0100 BST,BTCUSDT,SELL,125986.99,0.0007706971627625288
1970-01-01 01:00:00 +0100 BST,BTCUSDT,BUY,119799.99,0.000818604357941691
1970-01-01 01:00:00 +0100 BST,BTCUSDT,SELL,120285,0.0008071505670400905
1970-01-01 01:00:00 +0100 BST,BTCUSDT,BUY,136201.33,0.0007199561635409983
1970-01-01 01:00:00 +0100 BST,BTCUSDT,SELL,118511.55,0.000819147139209821
1970-01-01 01:00:00 +0100 BST,BTCUSDT,BUY,120087.07,0.0008164840820687846
1970-01-01 01:00:00 +0100 BST,BTCUSDT,SELL,119500,0.0008122902870803941
1970-01-01 01:00:00 +0100 BST,BTCUSDT,BUY,119500,0.0008204131899511979
1970-01-01 01:00:00 +0100 BST,BTCUSDT,SELL,120325,0.0008066402030930933
1970-01-01 01:00:00 +0100 BST,BTCUSDT,BUY,120561.83,0.0008131062066787492
1970-01-01 01:00:00 +0100 BST,BTCUSDT,SELL,121100,0.0008013978244337964
1970-01-01 01:00:00 +0100 BST,BTCUSDT,BUY,122541.86,0.0007998880489028163
1970-01-01 01:00:00 +0100 BST,BTCUSDT,SELL,121999.99,0.0007954063898798586
1970-01-01 01:00:00 +0100 BST,BTCUSDT,BUY,122999,0.0007968354809989644
1970-01-01 01:00:00 +0100 BST,BTCUSDT,SELL,122301.07,0.0007933689186375697
1970-01-01 01:00:00 +0100 BST,BTCUSDT,BUY,122301.07,0.0008013026078239453
1970-01-01 01:00:00 +0100 BST,BTCUSDT,SELL,122410,0.0007925836505788113
1970-01-01 01:00:00 +0100 BST,BTCUSDT,BUY,122410,0.0008005094870845995
1970-01-01 01:00:00 +0100 BST,BTCUSDT,SELL,122301.09,0.0007932101230731921
1970-01-01 01:00:00 +0100 BST,BTCUSDT,BUY,122400.02,0.000800494699897879
1970-01-01 01:00:00 +0100 BST,BTCUSDT,SELL,122003.01,0.0007950685938373198
1970-01-01 01:00:00 +0100 BST,BTCUSDT,BUY,123002.93,0.0007964913455367825
1970-01-01 01:00:00 +0100 BST,BTCUSDT,SELL,123160,0.0007875207983798311
1970-01-01 01:00:00 +0100 BST,BTCUSDT,BUY,124100,0.0007893712501510443
1970-01-01 01:00:00 +0100 BST,BTCUSDT,SELL,124213.32,0.0007807645945081184
1970-01-01 01:00:00 +0100 BST,BTCUSDT,BUY,124170.02,0.0007888472277489384
1970-01-01 01:00:00 +0100 BST,BTCUSDT,SELL,123485.87,0.0007852855090713208
1970-01-01 01:00:00 +0100 BST,BTCUSDT,BUY,123750,0.0007914455024559644
1970-01-01 01:00:00 +0100 BST,BTCUSDT,SELL,123741.17,0.0007835869591311958
1970-01-01 01:00:00 +0100 BST,BTCUSDT,BUY,123100,0.0007955449779921422
1970-01-01 01:00:00 +0100 BST,BTCUSDT,SELL,123895.99,0.0007825295308017989
1970-01-01 01:00:00 +0100 BST,BTCUSDT,BUY,123102,0.0007954524998144109
1970-01-01 01:00:00 +0100 BST,BTCUSDT,SELL,123898,0.0007824385841242965
1970-01-01 01:00:00 +0100 BST,BTCUSDT,BUY,123695.82,0.0007915546495652835
1970-01-01 01:00:00 +0100 BST,BTCUSDT,SELL,125799,0.0007705377740543445
1970-01-01 01:00:00 +0100 BST,BTCUSDT,BUY,125994.39,0.0007770362652864553
1970-01-01 01:00:00 +0100 BST,BTCUSDT,SELL,126897.07,0.0007637937436232267
1970-01-01 01:00:00 +0100 BST,BTCUSDT,BUY,128297.99,0.0007630082126120592
1970-01-01 01:00:00 +0100 BST,BTCUSDT,SELL,126512.63,0.0007660381088536666
1970-01-01 01:00:00 +0100 BST,BTCUSDT,BUY,126900,0.0007713367280505649
1970-01-01 01:00:00 +0100 BST,BTCUSDT,SELL,127249.12,0.0007615282878319357
1970-01-01 01:00:00 +0100 BST,BTCUSDT,BUY,125960,0.0007770152629925194
1970-01-01 01:00:00 +0100 BST,BTCUSDT,SELL,126453.47,0.0007662432205401113
1970-01-01 01:00:00 +0100 BST,BTCUSDT,BUY,127351,0.0007684514078592637
1970-01-01 01:00:00 +0100 BST,BTCUSDT,SELL,127065.96,0.0007624734798356871
1970-01-01 01:00:00 +0100 BST,BTCUSDT,BUY,127500.11,0.0007674759569757301
1970-01-01 01:00:00 +0100 BST,BTCUSDT,SELL,127000,0.000762793198798372
1970-01-01 01:00:00 +0100 BST,BTCUSDT,BUY,127559.04,0.0007670446846406745
1970-01-01 01:00:00 +0100 BST,BTCUSDT,SELL,127402,0.0007603102680787469
1970-01-01 01:00:00 +0100 BST,BTCUSDT,BUY,127586.95,0.0007668002037944021
1970-01-01 01:00:00 +0100 BST,BTCUSDT,SELL,128788.08,0.0007520522261756765
1970-01-01 01:00:00 +0100 BST,BTCUSDT,BUY,128000,0.0007642493429029691
1970-01-01 01:00:00 +0100 BST,BTCUSDT,SELL,128650,0.0007527841176266166
1970-01-01 01:00:00 +0100 BST,BTCUSDT,BUY,128853,0.0007591141339354992
1970-01-01 01:00:00 +0100 BST,BTCUSDT,SELL,127899.99,0.0007571227500877128
1970-01-01 01:00:00 +0100 BST,BTCUSDT,BUY,113252,0.0008635993367590938
1970-01-01 01:00:00 +0100 BST,BTCUSDT,SELL,112199.98,0.0008629797310638957
1970-01-01 01:00:00 +0100 BST,BTCUSDT,BUY,112739,0.0008674422484804036
1970-01-01 01:00:00 +0100 BST,BTCUSDT,SELL,111021.01,0.0008720567929882633
1970-01-01 01:00:00 +0100 BST,BTCUSDT,BUY,88197.89,0.0011086976365791412
1970-01-01 01:00:00 +0100 BST,BTCUSDT,SELL,83900,0.0011538372380491587
1970-01-01 01:00:00 +0100 BST,BTCUSDT,BUY,85802.95,0.0011395297447820579
1970-01-01 01:00:00 +0100 BST,BTCUSDT,SELL,77759.05,0.0012448359847232855
1970-01-01 01:00:00 +0100 BST,BTCUSDT,BUY,80900,0.0012084701633334506
1970-01-01 01:00:00 +0100 BST,BTCUSDT,SELL,77843.33,0.0012433638675470257
1970-01-01 01:00:00 +0100 BST,BTCUSDT,BUY,78450,0.0012460861655838723
1970-01-01 01:00:00 +0100 BST,BTCUSDT,SELL,87006.32,0.0011123089115038338
1970-01-01 01:00:00 +0100 BST,BTCUSDT,BUY,86741.76,0.0011268584375517144
1970-01-01 01:00:00 +0100 BST,BTCUSDT,SELL,82000,0.0011801003329590847
1970-01-01 01:00:00 +0100 BST,BTCUSDT,BUY,85599.98,0.0011417749113454396
1970-01-01 01:00:00 +0100 BST,BTCUSDT,SELL,84945.83,0.001139061805387206
1970-01-01 01:00:00 +0100 BST,BTCUSDT,BUY,80574.06,0.001212873423341381
1970-01-01 01:00:00 +0100 BST,BTCUSDT,SELL,78924.12,0.001225846732594126
1970-01-01 01:00:00 +0100 BST,BTCUSDT,BUY,78583.54,0.001243471131118748
1970-01-01 01:00:00 +0100 BST,BTCUSDT,SELL,73249.72,0.0013206767170905803
1970-01-01 01:00:00 +0100 BST,BTCUSDT,BUY,70308.02,0.0013896934053153288
1970-01-01 01:00:00 +0100 BST,BTCUSDT,SELL,69313.2,0.0013955426357090779
1970-01-01 01:00:00 +0100 BST,BTCUSDT,BUY,70000,0.0013956688725086396
1970-01-01 01:00:00 +0100 BST,BTCUSDT,SELL,71115,0.0013600485532566792
1970-01-01 01:00:00 +0100 BST,BTCUSDT,BUY,70427.93,0.0013870498734450557
1970-01-01 01:00:00 +0100 BST,BTCUSDT,SELL,69000,0.0014015968243414818
1970-01-01 01:00:00 +0100 BST,BTCUSDT,BUY,66196.94,0.0014755558593547958
1970-01-01 01:00:00 +0100 BST,BTCUSDT,SELL,64692.93,0.0014947616356451054
1970-01-01 01:00:00 +0100 BST,BTCUSDT,BUY,68985.88,0.0014157609493433878
1970-01-01 01:00:00 +0100 BST,BTCUSDT,SELL,75899.95,0.0012739249473878197
1970-01-01 01:00:00 +0100 BST,BTCUSDT,BUY,80900.96,0.0012071271862360226
1970-01-01 01:00:00 +0100 BST,BTCUSDT,SELL,80372,0.00120292105119329
1970-01-01 01:00:00 +0100 BST,BTCUSDT,BUY,78600.01,0.0012423405853736176
1970-01-01 01:00:00 +0100 BST,BTCUSDT,SELL,84000,0.0011508512215408864
1970-01-01 01:00:00 +0100 BST,BTCUSDT,BUY,84099.99,0.0011609777555922278
1970-01-01 01:00:00 +0100 BST,BTCUSDT,SELL,82296.98,0.0011745489987503006
1970-01-01 01:00:00 +0100 BST,BTCUSDT,BUY,78999.95,0.0012358039949868988
1970-01-01 01:00:00 +0100 BST,BTCUSDT,SELL,77567.89,0.001246033239728805
1970-01-01 01:00:00 +0100 BST,BTCUSDT,BUY,77204.9,0.0012644105616144035
1970-01-01 01:00:00 +0100 BST,BTCUSDT,SELL,75004.44,0.0012884904421484916
1970-01-01 01:00:00 +0100 BST,BTCUSDT,BUY,73400,0.0013298219223336107
1970-01-01 01:00:00 +0100 BST,BTCUSDT,SELL,74603,0.0012952942885446179
1970-01-01 01:00:00 +0100 BST,BTCUSDT,BUY,74275.8,0.001314010326464031
1970-01-01 01:00:00 +0100 BST,BTCUSDT,SELL,73605,0.0013127257186918457
1970-01-01 01:00:00 +0100 BST,BTCUSDT,BUY,74143.96,0.0013162152155017943
1970-01-01 01:00:00 +0100 BST,BTCUSDT,SELL,74289.86,0.0013004939598305998
1970-01-01 01:00:00 +0100 BST,BTCUSDT,BUY,73917.43,0.001320116910838587
1970-01-01 01:00:00 +0100 BST,BTCUSDT,SELL,73345.99,0.0013170979470757734
1970-01-01 01:00:00 +0100 BST,BTCUSDT,BUY,73900,0.0013202962298212804
1970-01-01 01:00:00 +0100 BST,BTCUSDT,SELL,73400.03,0.0013159966347419025
1970-01-01 01:00:00 +0100 BST,BTCUSDT,BUY,74515.42,0.0013092610146283044
1970-01-01 01:00:00 +0100 BST,BTCUSDT,SELL,74394.95,0.0012982673293107623
1970-01-01 01:00:00 +0100 BST,BTCUSDT,BUY,78497.07,0.0012427263639421795
1970-01-01 01:00:00 +0100 BST,BTCUSDT,SELL,77202.01,0.001250937308463894
1970-01-01 01:00:00 +0100 BST,BTCUSDT,BUY,78300,0.0012457295446152829
1970-01-01 01:00:00 +0100 BST,BTCUSDT,SELL,77200,0.0012508447812168766
1970-01-01 01:00:00 +0100 BST,BTCUSDT,BUY,70635.7,0.0013807588695382408
1970-01-01 01:00:00 +0100 BST,BTCUSDT,SELL,70202.01,0.0013753959550194057
1970-01-01 01:00:00 +0100 BST,BTCUSDT,BUY,70252.48,0.0013881519370435634
1970-01-01 01:00:00 +0100 BST,BTCUSDT,SELL,70217.24,0.0013749601242112773
1970-01-01 01:00:00 +0100 BST,BTCUSDT,BUY,70109.95,0.001390834882673498
1970-01-01 01:00:00 +0100 BST,BTCUSDT,SELL,70080.69,0.0013775014264509932
1970-01-01 01:00:00 +0100 BST,BTCUSDT,BUY,70117.62,0.0013905436742731223
1970-01-01 01:00:00 +0100 BST,BTCUSDT,SELL,69392.91,0.0013910152610205522
1970-01-01 01:00:00 +0100 BST,BTCUSDT,BUY,68226.39,0.0014289465232557657
1970-01-01 01:00:00 +0100 BST,BTCUSDT,SELL,68030.62,0.0014187279809730385
1970-01-01 01:00:00 +0100 BST,BTCUSDT,BUY,69160.5,0.0014095056224074935
1970-01-01 01:00:00 +0100 BST,BTCUSDT,SELL,69108,0.0013964706323801631
1970-01-01 01:00:00 +0100 BST,BTCUSDT,BUY,69796.99,0.0013965124482753996
1970-01-01 01:00:00 +0100 BST,BTCUSDT,SELL,68696.58,0.001404693533990805
1970-01-01 01:00:00 +0100 BST,BTCUSDT,BUY,68230,0.0014284423003167943
1970-01-01 01:00:00 +0100 BST,BTCUSDT,SELL,68309.88,0.0014125041936702087
1970-01-01 01:00:00 +0100 BST,BTCUSDT,BUY,69345.51,0.0014053234576946628
1970-01-01 01:00:00 +0100 BST,BTCUSDT,SELL,68794.66,0.0014024103494357236
1970-01-01 01:00:00 +0100 BST,BTCUSDT,BUY,67781.04,0.0014376162803287015
1970-01-01 01:00:00 +0100 BST,BTCUSDT,SELL,67300,0.001433413006472434
1970-01-01 01:00:00 +0100 BST,BTCUSDT,BUY,67996.89,0.0014329093917229269
1970-01-01 01:00:00 +0100 BST,BTCUSDT,SELL,68444,0.0014093134309225242
1970-01-01 01:00:00 +0100 BST,BTCUSDT,BUY,65034.91,0.0014980206622984772
1970-01-01 01:00:00 +0100 BST,BTCUSDT,SELL,65006.12,0.00148369726667604
1970-01-01 01:00:00 +0100 BST,BTCUSDT,BUY,65834.88,0.0014796699954010212
1970-01-01 01:00:00 +0100 BST,BTCUSDT,SELL,65505.09,0.0014722483034670822
1970-01-01 01:00:00 +0100 BST,BTCUSDT,BUY,66223.44,0.001470841067712099
1970-01-01 01:00:00 +0100 BST,BTCUSDT,SELL,65591.06,0.0014701716002942543
1970-01-01 01:00:00 +0100 BST,BTCUSDT,BUY,65257.3,0.0014924677358954233
1970-01-01 01:00:00 +0100 BST,BTCUSDT,SELL,65260.01,0.0014774817017930572
1970-01-01 01:00:00 +0100 BST,BTCUSDT,BUY,64119.06,0.0015188100907931313
1970-01-01 01:00:00 +0100 BST,BTCUSDT,SELL,64242.21,0.0015007396007511032
1970-01-01 01:00:00 +0100 BST,BTCUSDT,BUY,64877.76,0.0015008985648184558
1970-01-01 01:00:00 +0100 BST,BTCUSDT,SELL,68489.99,0.0014075222890806355
1970-01-01 01:00:00 +0100 BST,BTCUSDT,BUY,68000.01,0.001431840956772638
1970-01-01 01:00:00 +0100 BST,BTCUSDT,SELL,67903.12,0.0014195451900466353
1970-01-01 01:00:00 +0100 BST,BTCUSDT,BUY,68301.99,0.001425367882531842
1970-01-01 01:00:00 +0100 BST,BTCUSDT,SELL,67811.08,0.0014213297919812063
1970-01-01 01:00:00 +0100 BST,BTCUSDT,BUY,68515.05,0.0014207933485084687
1970-01-01 01:00:00 +0100 BST,BTCUSDT,SELL,68200,0.0014130831384105262
1970-01-01 01:00:00 +0100 BST,BTCUSDT,BUY,68084,0.001429645625110068
1970-01-01 01:00:00 +0100 BST,BTCUSDT,SELL,68208.01,0.0014127759014314293
1970-01-01 01:00:00 +0100 BST,BTCUSDT,BUY,67707.35,0.001437454857422715
1970-01-01 01:00:00 +0100 BST,BTCUSDT,SELL,68600,0.0014045626319141788
1970-01-01 01:00:00 +0100 BST,BTCUSDT,BUY,69991.88,0.001390397379164637
1970-01-01 01:00:00 +0100 BST,BTCUSDT,SELL,73145.68,0.0013171435585759507
1970-01-01 01:00:00 +0100 BST,BTCUSDT,BUY,73797.97,0.0013185565248224893
1970-01-01 01:00:00 +0100 BST,BTCUSDT,SELL,74293.38,0.0012966663639954565
1970-01-01 01:00:00 +0100 BST,BTCUSDT,BUY,73553.12,0.001322813555463971
1970-01-01 01:00:00 +0100 BST,BTCUSDT,SELL,76095.04,0.0012658393180533375
1970-01-01 01:00:00 +0100 BST,BTCUSDT,BUY,76300,0.0012750633614187397
1970-01-01 01:00:00 +0100 BST,BTCUSDT,SELL,70899.21,0.001358470159702588
1970-01-01 01:00:00 +0100 BST,BTCUSDT,BUY,72260.05,0.0013462155885970491
1970-01-01 01:00:00 +0100 BST,BTCUSDT,SELL,70800,0.0013602377074205393
1970-01-01 01:00:00 +0100 BST,BTCUSDT,BUY,71181.59,0.0013664752077359882
1970-01-01 01:00:00 +0100 BST,BTCUSDT,SELL,71238.21,0.0013517352443640238
1970-01-01 01:00:00 +0100 BST,BTCUSDT,BUY,71653,0.0013573493251424187
1970-01-01 01:00:00 +0100 BST,BTCUSDT,SELL,73319.95,0.0013132247046333968
1970-01-01 01:00:00 +0100 BST,BTCUSDT,BUY,73999.97,0.0013141684433022106
1970-01-01 01:00:00 +0100 BST,BTCUSDT,SELL,73428.21,0.0013111574029316142
1970-01-01 01:00:00 +0100 BST,BTCUSDT,BUY,73085.94,0.0013304706833731953
1970-01-01 01:00:00 +0100 BST,BTCUSDT,SELL,75155,0.0012809036462165476
1970-01-01 01:00:00 +0100 BST,BTCUSDT,BUY,76479.05,0.0012713151728050841
1970-01-01 01:00:00 +0100 BST,BTCUSDT,SELL,75597.46,0.0012732793786993835
1970-01-01 01:00:00 +0100 BST,BTCUSDT,BUY,75784.43,0.0012828394139673812
1970-01-01 01:00:00 +0100 BST,BTCUSDT,SELL,75201,0.0012798641139261646
1970-01-01 01:00:00 +0100 BST,BTCUSDT,BUY,74538.99,0.0013041433998995037
1970-01-01 01:00:00 +0100 BST,BTCUSDT,SELL,74649,0.0012891992729338417
1970-01-01 01:00:00 +0100 BST,BTCUSDT,BUY,74064.54,0.001312366361696039
1970-01-01 01:00:00 +0100 BST,BTCUSDT,SELL,74061.45,0.001299296905226482
1970-01-01 01:00:00 +0100 BST,BTCUSDT,BUY,74603.01,0.0013027636674364977
1970-01-01 01:00:00 +0100 BST,BTCUSDT,SELL,76136.6,0.001263757378190091
1970-01-01 01:00:00 +0100 BST,BTCUSDT,BUY,76215,0.0012750819641843567
1970-01-01 01:00:00 +0100 BST,BTCUSDT,SELL,75604.17,0.0012725299170840397
1970-01-01 01:00:00 +0100 BST,BTCUSDT,BUY,75921,0.0012798916487285563
1970-01-01 01:00:00 +0100 BST,BTCUSDT,SELL,75335.01,0.0012769487562886035
1970-01-01 01:00:00 +0100 BST,BTCUSDT,BUY,75050.06,0.00129461504491448
1970-01-01 01:00:00 +0100 BST,BTCUSDT,SELL,75917.99,0.0012670162556958774
1970-01-01 01:00:00 +0100 BST,BTCUSDT,BUY,75350.06,0.001289331696670907
1970-01-01 01:00:00 +0100 BST,BTCUSDT,SELL,75799.96,0.001268862259254676
1970-01-01 01:00:00 +0100 BST,BTCUSDT,BUY,75396.96,0.0012884008265317888
1970-01-01 01:00:00 +0100 BST,BTCUSDT,SELL,75500,0.0012737760334591312
1970-01-01 01:00:00 +0100 BST,BTCUSDT,BUY,75501.73,0.001286484315411396
1970-01-01 01:00:00 +0100 BST,BTCUSDT,SELL,74001.12,0.0012994461910456462
1970-01-01 01:00:00 +0100 BST,BTCUSDT,BUY,74399.94,0.0013054053303306818
1970-01-01 01:00:00 +0100 BST,BTCUSDT,SELL,74700.02,0.0012871597286019476
1970-01-01 01:00:00 +0100 BST,BTCUSDT,BUY,75000,0.0012948315472594357
1970-01-01 01:00:00 +0100 BST,BTCUSDT,SELL,75129,0.0012796821784399246
1970-01-01 01:00:00 +0100 BST,BTCUSDT,BUY,75405.7,0.00128773626937822
1970-01-01 01:00:00 +0100 BST,BTCUSDT,SELL,75700,0.001269902619019481
1970-01-01 01:00:00 +0100 BST,BTCUSDT,BUY,75681.19,0.0012829204263618535
1970-01-01 01:00:00 +0100 BST,BTCUSDT,SELL,75849.7,0.0012672695488175792
1970-01-01 01:00:00 +0100 BST,BTCUSDT,BUY,75562,0.00128481558518724
1970-01-01 01:00:00 +0100 BST,BTCUSDT,SELL,75685.66,0.0012698892088070454
1970-01-01 01:00:00 +0100 BST,BTCUSDT,BUY,75200.62,0.0012908607259407361
1970-01-01 01:00:00 +0100 BST,BTCUSDT,SELL,75835.55,0.0012672525175217886
1970-01-01 01:00:00 +0100 BST,BTCUSDT,BUY,75799.99,0.0012805254930996822
1970-01-01 01:00:00 +0100 BST,BTCUSDT,SELL,93390.76,0.0010289367103981592
1970-01-01 01:00:00 +0100 BST,BTCUSDT,BUY,94100,0.0010313933388920702
1970-01-01 01:00:00 +0100 BST,BTCUSDT,SELL,98788.62,0.0009726178183058574
1970-01-01 01:00:00 +0100 BST,BTCUSDT,BUY,98725,0.0009829770349802467
1970-01-01 01:00:00 +0100 BST,BTCUSDT,SELL,97900,0.000981347943826768
1970-01-01 01:00:00 +0100 BST,BTCUSDT,BUY,98250.06,0.0009876299651893038
1970-01-01 01:00:00 +0100 BST,BTCUSDT,SELL,95508,0.0010058252324859753
1970-01-01 01:00:00 +0100 BST,BTCUSDT,BUY,95850,0.0010122587362265336
1970-01-01 01:00:00 +0100 BST,BTCUSDT,SELL,96146.95,0.0009990410498579528
1970-01-01 01:00:00 +0100 BST,BTCUSDT,BUY,96650,0.0010037795899361251
1970-01-01 01:00:00 +0100 BST,BTCUSDT,SELL,94780,0.001013348221076738
1970-01-01 01:00:00 +0100 BST,BTCUSDT,BUY,97700.17,0.0009928907578931516
1970-01-01 01:00:00 +0100 BST,BTCUSDT,SELL,98219,0.0009777694731081955
1970-01-01 01:00:00 +0100 BST,BTCUSDT,BUY,98957.85,0.0009801738343952096
1970-01-01 01:00:00 +0100 BST,BTCUSDT,SELL,98774.08,0.0009721774814326384
1970-01-01 01:00:00 +0100 BST,BTCUSDT,BUY,99591.91,0.0009738360845622722
1970-01-01 01:00:00 +0100 BST,BTCUSDT,SELL,103046.08,0.000931780556151126
1970-01-01 01:00:00 +0100 BST,BTCUSDT,BUY,104193.44,0.0009307351505901844
1970-01-01 01:00:00 +0100 BST,BTCUSDT,SELL,104796.99,0.0009161210841859127
1970-01-01 01:00:00 +0100 BST,BTCUSDT,BUY,104700,0.0009261394404890398
1970-01-01 01:00:00 +0100 BST,BTCUSDT,SELL,98444.38,0.0009751407995561599
1970-01-01 01:00:00 +0100 BST,BTCUSDT,BUY,97850.03,0.0009908745325807313
1970-01-01 01:00:00 +0100 BST,BTCUSDT,SELL,99516.96,0.0009645344041042644
1970-01-01 01:00:00 +0100 BST,BTCUSDT,BUY,99831.72,0.0009711082512550781
1970-01-01 01:00:00 +0100 BST,BTCUSDT,SELL,105806,0.0009071123845405434
1970-01-01 01:00:00 +0100 BST,BTCUSDT,BUY,108499.99,0.0008934352186418053
1970-01-01 01:00:00 +0100 BST,BTCUSDT,SELL,107984.99,0.0008887192114885676
1970-01-01 01:00:00 +0100 BST,BTCUSDT,BUY,107984.98,0.0008976064867267176
1970-01-01 01:00:00 +0100 BST,BTCUSDT,SELL,107000,0.0008968106386157412
1970-01-01 01:00:00 +0100 BST,BTCUSDT,BUY,108700,0.0008916129320625865
1970-01-01 01:00:00 +0100 BST,BTCUSDT,SELL,111799.47,0.000858225378510749
1970-01-01 01:00:00 +0100 BST,BTCUSDT,BUY,112852.28,0.0008587210987906638
1970-01-01 01:00:00 +0100 BST,BTCUSDT,SELL,134050.07,0.0007156993468470798
1970-01-01 01:00:00 +0100 BST,BTCUSDT,BUY,142699.95,0.0006790397825594429
1970-01-01 01:00:00 +0100 BST,BTCUSDT,SELL,149502.93,0.0006416593546965999
1970-01-01 01:00:00 +0100 BST,BTCUSDT,BUY,154734.87,0.0006261630175857676
1970-01-01 01:00:00 +0100 BST,BTCUSDT,SELL,150000,0.0006394690706246136
1970-01-01 01:00:00 +0100 BST,BTCUSDT,BUY,142796.03,0.0006784471823175264
1970-01-01 01:00:00 +0100 BST,BTCUSDT,SELL,145603.05,0.0006587140074169647
1970-01-01 01:00:00 +0100 BST,BTCUSDT,BUY,149550,0.0006477424021612103
1970-01-01 01:00:00 +0100 BST,BTCUSDT,SELL,152193.55,0.0006301264244166518
1970-01-01 01:00:00 +0100 BST,BTCUSDT,BUY,150800,0.0006423089473182008
1970-01-01 01:00:00 +0100 BST,BTCUSDT,SELL,149000.88,0.0006435638995087064
1970-01-01 01:00:00 +0100 BST,BTCUSDT,BUY,151000.08,0.0006413937213586849
1970-01-01 01:00:00 +0100 BST,BTCUSDT,SELL,152273.72,0.0006296687189640637
1970-01-01 01:00:00 +0100 BST,BTCUSDT,BUY,154247.27,0.000627828409451496
1970-01-01 01:00:00 +0100 BST,BTCUSDT,SELL,152160.84,0.0006300728229712198
1970-01-01 01:00:00 +0100 BST,BTCUSDT,BUY,163769.99,0.0005912629908844522
1970-01-01 01:00:00 +0100 BST,BTCUSDT,SELL,164933,0.0005812228163161506
1970-01-01 01:00:00 +0100 BST,BTCUSDT,BUY,166800,0.000580464334479055
1970-01-01 01:00:00 +0100 BST,BTCUSDT,SELL,162500.01,0.0005898660343540612
1970-01-01 01:00:00 +0100 BST,BTCUSDT,BUY,167999.99,0.0005762605631465052
1970-01-01 01:00:00 +0100 BST,BTCUSDT,SELL,159500,0.0006009006342165966
1970-01-01 01:00:00 +0100 BST,BTCUSDT,BUY,166900.01,0.0005800004905279671
1970-01-01 01:00:00 +0100 BST,BTCUSDT,SELL,169299.99,0.0005660606760368468
1970-01-01 01:00:00 +0100 BST,BTCUSDT,BUY,153399.75,0.000630981520245996
1970-01-01 01:00:00 +0100 BST,BTCUSDT,SELL,154596.99,0.0006198340820591149
1970-01-01 01:00:00 +0100 BST,BTCUSDT,BUY,154893.2,0.0006248352298203516
1970-01-01 01:00:00 +0100 BST,BTCUSDT,SELL,153950,0.0006223767517857328
1970-01-01 01:00:00 +0100 BST,BTCUSDT,BUY,158299.97,0.0006113270264472426
1970-01-01 01:00:00 +0100 BST,BTCUSDT,SELL,156500,0.0006121745651585932
1970-01-01 01:00:00 +0100 BST,BTCUSDT,BUY,153900.05,0.0006287416582502282
1970-01-01 01:00:00 +0100 BST,BTCUSDT,SELL,150770.85,0.0006353730771921436
1970-01-01 01:00:00 +0100 BST,BTCUSDT,BUY,153850,0.0006288833038968401
1970-01-01 01:00:00 +0100 BST,BTCUSDT,SELL,172980,0.0005537412379551598
1970-01-01 01:00:00 +0100 BST,BTCUSDT,BUY,175899.69,0.000549995403260224
1970-01-01 01:00:00 +0100 BST,BTCUSDT,SELL,172000,0.0005568405856136593
1970-01-01 01:00:00 +0100 BST,BTCUSDT,BUY,174987.86,0.0005528060434181257
1970-01-01 01:00:00 +0100 BST,BTCUSDT,SELL,203399.56,0.00047083190871935433
1970-01-01 01:00:00 +0100 BST,BTCUSDT,BUY,209499.05,0.00046169504395438357
1970-01-01 01:00:00 +0100 BST,BTCUSDT,SELL,204486.45,0.0004682825016873738
1970-01-01 01:00:00 +0100 BST,BTCUSDT,BUY,203862.74,0.0004744123454381207
1970-01-01 01:00:00 +0100 BST,BTCUSDT,SELL,236318.46,0.000405164499737064
1970-01-01 01:00:00 +0100 BST,BTCUSDT,BUY,229497.4,0.00042137875693048685
1970-01-01 01:00:00 +0100 BST,BTCUSDT,SELL,224062.91,0.0004272830154686062
1970-01-01 01:00:00 +0100 BST,BTCUSDT,BUY,235000,0.00041147088765049205
1970-01-01 01:00:00 +0100 BST,BTCUSDT,SELL,223747.98,0.0004278416368804177
1970-01-01 01:00:00 +0100 BST,BTCUSDT,BUY,207600.02,0.0004657320795634116
1970-01-01 01:00:00 +0100 BST,BTCUSDT,SELL,215681.05,0.00044379943968969815
1970-01-01 01:00:00 +0100 BST,BTCUSDT,BUY,218500,0.00044245455575790677
1970-01-01 01:00:00 +0100 BST,BTCUSDT,SELL,216958.5,0.00044114223332467555
1970-01-01 01:00:00 +0100 BST,BTCUSDT,BUY,217060.91,0.0004453434420829587
1970-01-01 01:00:00 +0100 BST,BTCUSDT,SELL,228491.02,0.0004188347807850336
1970-01-01 01:00:00 +0100 BST,BTCUSDT,BUY,225999.93,0.00042768591183094264
1970-01-01 01:00:00 +0100 BST,BTCUSDT,SELL,221210.03,0.0004325772040011993
1970-01-01 01:00:00 +0100 BST,BTCUSDT,BUY,207921.04,0.00046482703451832306
1970-01-01 01:00:00 +0100 BST,BTCUSDT,SELL,202000,0.0004736675605583861
1970-01-01 01:00:00 +0100 BST,BTCUSDT,BUY,188601.36,0.0005123910861783921
1970-01-01 01:00:00 +0100 BST,BTCUSDT,SELL,200001,0.0004783540039703336
1970-01-01 01:00:00 +0100 BST,BTCUSDT,BUY,201400,0.0004797814892728471
1970-01-01 01:00:00 +0100 BST,BTCUSDT,SELL,202504.86,0.0004723921787366284
1970-01-01 01:00:00 +0100 BST,BTCUSDT,BUY,202000,0.0004783085601007795
1970-01-01 01:00:00 +0100 BST,BTCUSDT,SELL,195400,0.0004895196819291396
1970-01-01 01:00:00 +0100 BST,BTCUSDT,BUY,195610.38,0.0004938831329270124
1970-01-01 01:00:00 +0100 BST,BTCUSDT,SELL,190000,0.000503382003338784
1970-01-01 01:00:00 +0100 BST,BTCUSDT,BUY,194006.09,0.0004979173923906855
1970-01-01 01:00:00 +0100 BST,BTCUSDT,SELL,181400,0.0005271941365838233
1970-01-01 01:00:00 +0100 BST,BTCUSDT,BUY,182100.78,0.0005304169841560733
1970-01-01 01:00:00 +0100 BST,BTCUSDT,SELL,182799.03,0.0005231070048602988
1970-01-01 01:00:00 +0100 BST,BTCUSDT,BUY,185920,0.0005194690598397945
1970-01-01 01:00:00 +0100 BST,BTCUSDT,SELL,205499.93,0.00046527456592983
1970-01-01 01:00:00 +0100 BST,BTCUSDT,BUY,211111,0.00045743722324584726
1970-01-01 01:00:00 +0100 BST,BTCUSDT,SELL,226258.8,0.0004225441368039056
1970-01-01 01:00:00 +0100 BST,BTCUSDT,BUY,227899.99,0.0004236962565627598
1970-01-01 01:00:00 +0100 BST,BTCUSDT,SELL,227402,0.0004203778722586146
1970-01-01 01:00:00 +0100 BST,BTCUSDT,BUY,229200.12,0.00042125072446047156
1970-01-01 01:00:00 +0100 BST,BTCUSDT,SELL,229296.05,0.0004168637420071683
1970-01-01 01:00:00 +0100 BST,BTCUSDT,BUY,226000,0.00042717283860516537
1970-01-01 01:00:00 +0100 BST,BTCUSDT,SELL,226713.11,0.00042157090478587547
1970-01-01 01:00:00 +0100 BST,BTCUSDT,BUY,229673.72,0.0004202980097967451
1970-01-01 01:00:00 +0100 BST,BTCUSDT,SELL,223572.13,0.0004274508336277368
1970-01-01 01:00:00 +0100 BST,BTCUSDT,BUY,222300,0.00043419592567644187
1970-01-01 01:00:00 +0100 BST,BTCUSDT,SELL,224999.97,0.00042469577544874466
1970-01-01 01:00:00 +0100 BST,BTCUSDT,BUY,224034.82,0.00043079063380614327
1970-01-01 01:00:00 +0100 BST,BTCUSDT,SELL,221497.01,0.0004313691687369539
1970-01-01 01:00:00 +0100 BST,BTCUSDT,BUY,199500,0.00048372155835706756
1970-01-01 01:00:00 +0100 BST,BTCUSDT,SELL,201500,0.00047413114830428105
1970-01-01 01:00:00 +0100 BST,BTCUSDT,BUY,206800,0.00046659961628213616
1970-01-01 01:00:00 +0100 BST,BTCUSDT,SELL,201500,0.00047408373518945064
1970-01-01 01:00:00 +0100 BST,BTCUSDT,BUY,203906.76,0.00047317289219386865
1970-01-01 01:00:00 +0100 BST,BTCUSDT,SELL,209120.05,0.00045676308825198846
1970-01-01 01:00:00 +0100 BST,BTCUSDT,BUY,201700,0.0004783019486958073
1970-01-01 01:00:00 +0100 BST,BTCUSDT,SELL,199939.27,0.00047768889033867587
1970-01-01 01:00:00 +0100 BST,BTCUSDT,BUY,204501.93,0.000471701444097076
1970-01-01 01:00:00 +0100 BST,BTCUSDT,SELL,202177,0.00047235450691534035
1970-01-01 01:00:00 +0100 BST,BTCUSDT,BUY,207989.41,0.0004637457710758879
1970-01-01 01:00:00 +0100 BST,BTCUSDT,SELL,203030.39,0.000470322040079361
1970-01-01 01:00:00 +0100 BST,BTCUSDT,BUY,202991.16,0.0004751170636944849
1970-01-01 01:00:00 +0100 BST,BTCUSDT,SELL,202793.73,0.00047082381815348044
1970-01-01 01:00:00 +0100 BST,BTCUSDT,BUY,203497.11,0.00047388839791753253
1970-01-01 01:00:00 +0100 BST,BTCUSDT,SELL,196831.11,0.00048503801174702715
1970-01-01 01:00:00 +0100 BST,BTCUSDT,BUY,193800.03,0.0004975503664617802
1970-01-01 01:00:00 +0100 BST,BTCUSDT,SELL,194206,0.000491545179795351
1970-01-01 01:00:00 +0100 BST,BTCUSDT,BUY,193950,0.0004971159237907157
1970-01-01 01:00:00 +0100 BST,BTCUSDT,SELL,193858.64,0.000492376698222051
1970-01-01 01:00:00 +0100 BST,BTCUSDT,BUY,197401.61,0.0004883749015819446
1970-01-01 01:00:00 +0100 BST,BTCUSDT,SELL,207985.74,0.0004588869022333393
1970-01-01 01:00:00 +0100 BST,BTCUSDT,BUY,209521.9,0.00046007768761490716
1970-01-01 01:00:00 +0100 BST,BTCUSDT,SELL,209212.84,0.000456149764728183
1970-01-01 01:00:00 +0100 BST,BTCUSDT,BUY,208922.75,0.00046135096164278967
1970-01-01 01:00:00 +0100 BST,BTCUSDT,SELL,204309.12,0.00046705132157262764
1970-01-01 01:00:00 +0100 BST,BTCUSDT,BUY,207899.6,0.0004635750763849184
1970-01-01 01:00:00 +0100 BST,BTCUSDT,SELL,205573.33,0.0004641326879361736
1970-01-01 01:00:00 +0100 BST,BTCUSDT,BUY,202490.86,0.0004759100496837188
1970-01-01 01:00:00 +0100 BST,BTCUSDT,SELL,202709.52,0.00047064272507116566
1970-01-01 01:00:00 +0100 BST,BTCUSDT,BUY,201499.99,0.0004782024976754323
1970-01-01 01:00:00 +0100 BST,BTCUSDT,SELL,202000,0.00047224861640880625
1970-01-01 01:00:00 +0100 BST,BTCUSDT,BUY,199273.67,0.0004834967044051763
1970-01-01 01:00:00 +0100 BST,BTCUSDT,SELL,200955.56,0.0004746555959562772
1970-01-01 01:00:00 +0100 BST,BTCUSDT,BUY,200930.49,0.000479461966690335
1970-01-01 01:00:00 +0100 BST,BTCUSDT,SELL,201553.39,0.000473200389357967
1970-01-01 01:00:00 +0100 BST,BTCUSDT,BUY,201187.32,0.00047880201421571873
1970-01-01 01:00:00 +0100 BST,BTCUSDT,SELL,198535,0.00048034656413305324
1970-01-01 01:00:00 +0100 BST,BTCUSDT,BUY,199434.06,0.00048296294605473745
1970-01-01 01:00:00 +0100 BST,BTCUSDT,SELL,199440.45,0.00047811799737538044
1970-01-01 01:00:00 +0100 BST,BTCUSDT,BUY,199100,0.0004837249082628887
1970-01-01 01:00:00 +0100 BST,BTCUSDT,SELL,199009,0.00047910663810576265
1970-01-01 01:00:00 +0100 BST,BTCUSDT,BUY,198869.19,0.0004842378966405888
1970-01-01 01:00:00 +0100 BST,BTCUSDT,SELL,198896.97,0.0004793285603571308
1970-01-01 01:00:00 +0100 BST,BTCUSDT,BUY,201699.99,0.0004773940160948466
1970-01-01 01:00:00 +0100 BST,BTCUSDT,SELL,197499.99,0.00048267073122214586
1970-01-01 01:00:00 +0100 BST,BTCUSDT,BUY,194821.56,0.0004941996113549402
1970-01-01 01:00:00 +0100 BST,BTCUSDT,SELL,195395.05,0.00048782163029824723
1970-01-01 01:00:00 +0100 BST,BTCUSDT,BUY,195592.99,0.0004922012346231816
1970-01-01 01:00:00 +0100 BST,BTCUSDT,SELL,194488.99,0.0004900452208118476
1970-01-01 01:00:00 +0100 BST,BTCUSDT,BUY,165000.59,0.0005834008475395358
1970-01-01 01:00:00 +0100 BST,BTCUSDT,SELL,166673.21,0.0005717707675397758
1970-01-01 01:00:00 +0100 BST,BTCUSDT,BUY,164999.99,0.0005833446287003922
1970-01-01 01:00:00 +0100 BST,BTCUSDT,SELL,157590.93,0.0006046625863753532
1970-01-01 01:00:00 +0100 BST,BTCUSDT,BUY,159649.75,0.0006028335948933725
1970-01-01 01:00:00 +0100 BST,BTCUSDT,SELL,161000.99,0.0005917964255323208
1970-01-01 01:00:00 +0100 BST,BTCUSDT,BUY,161304.01,0.000596591544705284
1970-01-01 01:00:00 +0100 BST,BTCUSDT,SELL,160034.53,0.0005953107895410197
1970-01-01 01:00:00 +0100 BST,BTCUSDT,BUY,164597.34,0.0005845962348614337
1970-01-01 01:00:00 +0100 BST,BTCUSDT,SELL,164953.88,0.0005774993312063056
1970-01-01 01:00:00 +0100 BST,BTCUSDT,BUY,165315.41,0.0005819987557946596
1970-01-01 01:00:00 +0100 BST,BTCUSDT,SELL,160600.12,0.0005930956297190015
1970-01-01 01:00:00 +0100 BST,BTCUSDT,BUY,160328.64,0.0006000409009730929
1970-01-01 01:00:00 +0100 BST,BTCUSDT,SELL,159887.88,0.0005956780725431895
1970-01-01 01:00:00 +0100 BST,BTCUSDT,BUY,155100,0.0006202071000853058
1970-01-01 01:00:00 +0100 BST,BTCUSDT,SELL,155100,0.0006140050290844528
1970-01-01 01:00:00 +0100 BST,BTCUSDT,BUY,159000,0.0006049339736547712
1970-01-01 01:00:00 +0100 BST,BTCUSDT,SELL,159999.99,0.0005951416421525873
1970-01-01 01:00:00 +0100 BST,BTCUSDT,BUY,164487,0.0005846959538500156
1970-01-01 01:00:00 +0100 BST,BTCUSDT,SELL,165900,0.0005739188337993866
1970-01-01 01:00:00 +0100 BST,BTCUSDT,BUY,162800,0.000590695736318129
1970-01-01 01:00:00 +0100 BST,BTCUSDT,SELL,162514.04,0.000585817774352699
1970-01-01 01:00:00 +0100 BST,BTCUSDT,BUY,161109.23,0.0005968351369192451
1970-01-01 01:00:00 +0100 BST,BTCUSDT,SELL,161282.73,0.00059023116022741
1970-01-01 01:00:00 +0100 BST,BTCUSDT,BUY,162600.06,0.0005913038026005005
1970-01-01 01:00:00 +0100 BST,BTCUSDT,SELL,160810.12,0.0005919066128627904
1970-01-01 01:00:00 +0100 BST,BTCUSDT,BUY,161850,0.0005939846720895362
1970-01-01 01:00:00 +0100 BST,BTCUSDT,SELL,160100,0.0005944725483192663
1970-01-01 01:00:00 +0100 BST,BTCUSDT,BUY,154797.39,0.00062098466605783
1970-01-01 01:00:00 +0100 BST,BTCUSDT,SELL,152300,0.0006248557943559812
1970-01-01 01:00:00 +0100 BST,BTCUSDT,BUY,152952.71,0.0006284111792149358
1970-01-01 01:00:00 +0100 BST,BTCUSDT,SELL,151001,0.0006301681507186568
1970-01-01 01:00:00 +0100 BST,BTCUSDT,BUY,155327.8,0.0006187403744592699
1970-01-01 01:00:00 +0100 BST,BTCUSDT,SELL,156762.97,0.0006069450286925237
1970-01-01 01:00:00 +0100 BST,BTCUSDT,BUY,155600,0.0006175962106543765
1970-01-01 01:00:00 +0100 BST,BTCUSDT,SELL,155499.99,0.0006118134841940683
1970-01-01 01:00:00 +0100 BST,BTCUSDT,BUY,142900,0.0006724167990257746
1970-01-01 01:00:00 +0100 BST,BTCUSDT,SELL,174248.81,0.0005459289907057349
1970-01-01 01:00:00 +0100 BST,BTCUSDT,BUY,175970.5,0.0005459935145079722
1970-01-01 01:00:00 +0100 BST,BTCUSDT,SELL,175681.43,0.0005414229849294708
1970-01-01 01:00:00 +0100 BST,BTCUSDT,BUY,180323.54,0.0005327598596919219
1970-01-01 01:00:00 +0100 BST,BTCUSDT,SELL,180407.66,0.0005271863313944384
1970-01-01 01:00:00 +0100 BST,BTCUSDT,BUY,178180.73,0.0005391129386166714
1970-01-01 01:00:00 +0100 BST,BTCUSDT,SELL,175712.01,0.0005412204981640815
1970-01-01 01:00:00 +0100 BST,BTCUSDT,BUY,177063.91,0.0005424591098291471
1970-01-01 01:00:00 +0100 BST,BTCUSDT,SELL,175198.07,0.000542753876749062
1970-01-01 01:00:00 +0100 BST,BTCUSDT,BUY,177347.64,0.0005415370963400926
1970-01-01 01:00:00 +0100 BST,BTCUSDT,SELL,175398.51,0.0005420794210183677
1970-01-01 01:00:00 +0100 BST,BTCUSDT,BUY,177269.2,0.0005417225438810985
1970-01-01 01:00:00 +0100 BST,BTCUSDT,SELL,176906.23,0.0005374056908906461
1970-01-01 01:00:00 +0100 BST,BTCUSDT,BUY,179333.35,0.0005354336987714202
1970-01-01 01:00:00 +0100 BST,BTCUSDT,SELL,178700,0.0005319580733885505
1970-01-01 01:00:00 +0100 BST,BTCUSDT,BUY,170265.3,0.0005638936224332222
1970-01-01 01:00:00 +0100 BST,BTCUSDT,SELL,169349.91,0.0005612722299277427
1970-01-01 01:00:00 +0100 BST,BTCUSDT,BUY,169001.05,0.0005680551430893486
1970-01-01 01:00:00 +0100 BST,BTCUSDT,SELL,167318.91,0.0005680284223917079
1970-01-01 01:00:00 +0100 BST,BTCUSDT,BUY,167570.93,0.000572845871586654
1970-01-01 01:00:00 +0100 BST,BTCUSDT,SELL,167962.06,0.0005657967775219701
1970-01-01 01:00:00 +0100 BST,BTCUSDT,BUY,163148.49,0.0005883150755296069
1970-01-01 01:00:00 +0100 BST,BTCUSDT,SELL,162500.06,0.0005847560244268365
1970-01-01 01:00:00 +0100 BST,BTCUSDT,BUY,163249.01,0.0005878940273222461
1970-01-01 01:00:00 +0100 BST,BTCUSDT,SELL,162630.34,0.0005842291589983574
1970-01-01 01:00:00 +0100 BST,BTCUSDT,BUY,157749.96,0.0006083267509765143
1970-01-01 01:00:00 +0100 BST,BTCUSDT,SELL,154126,0.0006164040163706341
1970-01-01 01:00:00 +0100 BST,BTCUSDT,BUY,142244.96,0.0006745681835153369
1970-01-01 01:00:00 +0100 BST,BTCUSDT,SELL,142246.81,0.0006678138162718562
1970-01-01 01:00:00 +0100 BST,BTCUSDT,BUY,142683.03,0.0006724298530034273
1970-01-01 01:00:00 +0100 BST,BTCUSDT,SELL,140429.67,0.0006763875867549482
1970-01-01 01:00:00 +0100 BST,BTCUSDT,BUY,140404.59,0.0006832734916721362
1970-01-01 01:00:00 +0100 BST,BTCUSDT,SELL,139148.63,0.0006825463327345281
1970-01-01 01:00:00 +0100 BST,BTCUSDT,BUY,140875.29,0.0006809224029469546
1970-01-01 01:00:00 +0100 BST,BTCUSDT,SELL,140423.76,0.000676280777361485
1970-01-01 01:00:00 +0100 BST,BTCUSDT,BUY,142799.99,0.000671677557320213
1970-01-01 01:00:00 +0100 BST,BTCUSDT,SELL,146177.03,0.0006495985927738805
1970-01-01 01:00:00 +0100 BST,BTCUSDT,BUY,151000.02,0.0006351387033836418
1970-01-01 01:00:00 +0100 BST,BTCUSDT,SELL,148008.56,0.0006414959874250985
1970-01-01 01:00:00 +0100 BST,BTCUSDT,BUY,142976.02,0.0006707164342524895
1970-01-01 01:00:00 +0100 BST,BTCUSDT,SELL,142500,0.000666227387051456
1970-01-01 01:00:00 +0100 BST,BTCUSDT,BUY,142458.74,0.0006730845484199902
1970-01-01 01:00:00 +0100 BST,BTCUSDT,SELL,142473.98,0.0006662824251457494
1970-01-01 01:00:00 +0100 BST,BTCUSDT,BUY,144272,0.0006645585283611004
1970-01-01 01:00:00 +0100 BST,BTCUSDT,SELL,140110,0.0006774563994267043
1970-01-01 01:00:00 +0100 BST,BTCUSDT,BUY,145335.94,0.0006596276205659267
1970-01-01 01:00:00 +0100 BST,BTCUSDT,SELL,140961.54,0.0006732965905598305
1970-01-01 01:00:00 +0100 BST,BTCUSDT,BUY,143714.17,0.000667004607304094
1970-01-01 01:00:00 +0100 BST,BTCUSDT,SELL,141906.54,0.0006687460168476729
1970-01-01 01:00:00 +0100 BST,BTCUSDT,BUY,144099.88,0.000665152724093395
1970-01-01 01:00:00 +0100 BST,BTCUSDT,SELL,145199.99,0.0006535120522136125
1970-01-01 01:00:00 +0100 BST,BTCUSDT,BUY,145420.02,0.0006590484781996247
1970-01-01 01:00:00 +0100 BST,BTCUSDT,SELL,144359.95,0.000657249150141375
1970-01-01 01:00:00 +0100 BST,BTCUSDT,BUY,137400.01,0.0006974472490684019
1970-01-01 01:00:00 +0100 BST,BTCUSDT,SELL,137168.09,0.0006916402087869431
1970-01-01 01:00:00 +0100 BST,BTCUSDT,BUY,135200,0.0007087254147231602
1970-01-01 01:00:00 +0100 BST,BTCUSDT,SELL,134999.99,0.000702677676567721
1970-01-01 01:00:00 +0100 BST,BTCUSDT,BUY,130400,0.0007347399854521796
1970-01-01 01:00:00 +0100 BST,BTCUSDT,SELL,134700.01,0.0007041721315531792
1970-01-01 01:00:00 +0100 BST,BTCUSDT,BUY,135799.94,0.000705453279976073
1970-01-01 01:00:00 +0100 BST,BTCUSDT,SELL,135699.99,0.0006989131536606478
1970-01-01 01:00:00 +0100 BST,BTCUSDT,BUY,135661.76,0.0007061012111463432
1970-01-01 01:00:00 +0100 BST,BTCUSDT,SELL,137825.01,0.0006880683245502546
1970-01-01 01:00:00 +0100 BST,BTCUSDT,BUY,137946.76,0.0006943356549217997
1970-01-01 01:00:00 +0100 BST,BTCUSDT,SELL,138041.55,0.0006869202816793273
1970-01-01 01:00:00 +0100 BST,BTCUSDT,BUY,137001,0.0006990589544130731
1970-01-01 01:00:00 +0100 BST,BTCUSDT,SELL,137845.2,0.0006878299574842647
1970-01-01 01:00:00 +0100 BST,BTCUSDT,BUY,140219.9,0.000682942996222106
1970-01-01 01:00:00 +0100 BST,BTCUSDT,SELL,136849.9,0.0006927632146578436
1970-01-01 01:00:00 +0100 BST,BTCUSDT,BUY,137513.05,0.00069631662170318
1970-01-01 01:00:00 +0100 BST,BTCUSDT,SELL,137587.46,0.000688980639601454
1970-01-01 01:00:00 +0100 BST,BTCUSDT,BUY,137525.58,0.0006961835547529331
1970-01-01 01:00:00 +0100 BST,BTCUSDT,SELL,137632.28,0.0006886873971885104
1970-01-01 01:00:00 +0100 BST,BTCUSDT,BUY,138699,0.0006902246796959133
1970-01-01 01:00:00 +0100 BST,BTCUSDT,SELL,138670.65,0.0006834621321862416
1970-01-01 01:00:00 +0100 BST,BTCUSDT,BUY,136738.3,0.0007000518472283082
1970-01-01 01:00:00 +0100 BST,BTCUSDT,SELL,135947.13,0.0006970846718635398
1970-01-01 01:00:00 +0100 BST,BTCUSDT,BUY,138056.04,0.0006933005402147446
1970-01-01 01:00:00 +0100 BST,BTCUSDT,SELL,138800,0.0006826886443860901
1970-01-01 01:00:00 +0100 BST,BTCUSDT,BUY,141729.52,0.0006752633867609035
1970-01-01 01:00:00 +0100 BST,BTCUSDT,SELL,151176.98,0.0006267337006097439
1970-01-01 01:00:00 +0100 BST,BTCUSDT,BUY,151219.59,0.0006328226733297538
1970-01-01 01:00:00 +0100 BST,BTCUSDT,SELL,151652.8,0.0006247048082962729
1970-01-01 01:00:00 +0100 BST,BTCUSDT,BUY,151826.96,0.0006302280944379637
1970-01-01 01:00:00 +0100 BST,BTCUSDT,SELL,153184.34,0.0006183971516165285
1970-01-01 01:00:00 +0100 BST,BTCUSDT,BUY,152401.46,0.0006277895705430935
1970-01-01 01:00:00 +0100 BST,BTCUSDT,SELL,151543.38,0.0006250308436587927
1970-01-01 01:00:00 +0100 BST,BTCUSDT,BUY,153397.93,0.0006236490904331504
1970-01-01 01:00:00 +0100 BST,BTCUSDT,SELL,166250,0.0005696830960820439
1970-01-01 01:00:00 +0100 BST,BTCUSDT,BUY,163902.03,0.00058362250224037
1970-01-01 01:00:00 +0100 BST,BTCUSDT,SELL,163800.99,0.0005781426824231492
1970-01-01 01:00:00 +0100 BST,BTCUSDT,BUY,165200.01,0.0005789790641028963
1970-01-01 01:00:00 +0100 BST,BTCUSDT,SELL,165242.84,0.0005730407060771482
1970-01-01 01:00:00 +0100 BST,BTCUSDT,BUY,165641.11,0.0005773795070853556
1970-01-01 01:00:00 +0100 BST,BTCUSDT,SELL,159819.97,0.0005924253684969559
1970-01-01 01:00:00 +0100 BST,BTCUSDT,BUY,162018.15,0.0005902315182998118
1970-01-01 01:00:00 +0100 BST,BTCUSDT,SELL,161606.46,0.0005858177728783887
1970-01-01 01:00:00 +0100 BST,BTCUSDT,BUY,159710.82,0.0005986986720421322
1970-01-01 01:00:00 +0100 BST,BTCUSDT,SELL,155989.97,0.0006068497178780942
1970-01-01 01:00:00 +0100 BST,BTCUSDT,BUY,156699.68,0.000610142241382851
1970-01-01 01:00:00 +0100 BST,BTCUSDT,SELL,172724.37,0.000548000279516919
1970-01-01 01:00:00 +0100 BST,BTCUSDT,BUY,175190.2,0.0005456899590831998
1970-01-01 01:00:00 +0100 BST,BTCUSDT,SELL,174984.89,0.0005408669156467157
1970-01-01 01:00:00 +0100 BST,BTCUSDT,BUY,177182,0.0005395016035289737
1970-01-01 01:00:00 +0100 BST,BTCUSDT,SELL,176894.12,0.0005349758001300774
1970-01-01 01:00:00 +0100 BST,BTCUSDT,BUY,177521.93,0.0005384146855498866
1970-01-01 01:00:00 +0100 BST,BTCUSDT,SELL,176090.41,0.000537363789305547
1970-01-01 01:00:00 +0100 BST,BTCUSDT,BUY,171892.02,0.0005559935596646492
1970-01-01 01:00:00 +0100 BST,BTCUSDT,SELL,182624.03,0.0005180870639913575
1970-01-01 01:00:00 +0100 BST,BTCUSDT,BUY,183301.5,0.0005213339715830984
1970-01-01 01:00:00 +0100 BST,BTCUSDT,SELL,185551.45,0.0005098622834918179
1970-01-01 01:00:00 +0100 BST,BTCUSDT,BUY,191889,0.000497953206605069
1970-01-01 01:00:00 +0100 BST,BTCUSDT,SELL,193909.8,0.00048783622815153066
1970-01-01 01:00:00 +0100 BST,BTCUSDT,BUY,192114.31,0.0004973194744730564
1970-01-01 01:00:00 +0100 BST,BTCUSDT,SELL,189657.33,0.0004987245460593288
1970-01-01 01:00:00 +0100 BST,BTCUSDT,BUY,182328.91,0.0005239576843254592
1970-01-01 01:00:00 +0100 BST,BTCUSDT,SELL,180499.99,0.0005239740297741469
1970-01-01 01:00:00 +0100 BST,BTCUSDT,BUY,182503.66,0.0005234036413617028
1970-01-01 01:00:00 +0100 BST,BTCUSDT,SELL,182435.47,0.0005183632843096781
1970-01-01 01:00:00 +0100 BST,BTCUSDT,BUY,183089.99,0.0005216753133135109
1970-01-01 01:00:00 +0100 BST,BTCUSDT,SELL,182886.23,0.0005170339648799113
1970-01-01 01:00:00 +0100 BST,BTCUSDT,BUY,172000,0.0005552556775873708
1970-01-01 01:00:00 +0100 BST,BTCUSDT,SELL,167616.75,0.0005640780935054373
1970-01-01 01:00:00 +0100 BST,BTCUSDT,BUY,171338.39,0.0005573440146564543
1970-01-01 01:00:00 +0100 BST,BTCUSDT,SELL,169452.08,0.0005579127850534473
1970-01-01 01:00:00 +0100 BST,BTCUSDT,BUY,170081.98,0.0005614050160090948
1970-01-01 01:00:00 +0100 BST,BTCUSDT,SELL,171687.8,0.0005505925752308025
1970-01-01 01:00:00 +0100 BST,BTCUSDT,BUY,170325.72,0.0005605455724307995
1970-01-01 01:00:00 +0100 BST,BTCUSDT,SELL,168500,0.0005609529669728024
1970-01-01 01:00:00 +0100 BST,BTCUSDT,BUY,172893.28,0.0005521659412341902
1970-01-01 01:00:00 +0100 BST,BTCUSDT,SELL,182722.59,0.0005172383057695478
1970-01-01 01:00:00 +0100 BST,BTCUSDT,BUY,164057,0.0005818479803129275
1970-01-01 01:00:00 +0100 BST,BTCUSDT,SELL,164028.74,0.0005761287428357737
1970-01-01 01:00:00 +0100 BST,BTCUSDT,BUY,167629.75,0.0005693899112943099
1970-01-01 01:00:00 +0100 BST,BTCUSDT,SELL,160340.01,0.0005893240345810098
1970-01-01 01:00:00 +0100 BST,BTCUSDT,BUY,116961.99,0.00081596716859844
1970-01-01 01:00:00 +0100 BST,BTCUSDT,SELL,121998.08,0.0007744611421409228
1970-01-01 01:00:00 +0100 BST,BTCUSDT,BUY,116000,0.0008226517249961868
1970-01-01 01:00:00 +0100 BST,BTCUSDT,SELL,127699.99,0.0007398068245624928
1970-01-01 01:00:00 +0100 BST,BTCUSDT,BUY,127883.12,0.0007461348873842591
1970-01-01 01:00:00 +0100 BST,BTCUSDT,SELL,154453.69,0.0006115999997549571
1970-01-01 01:00:00 +0100 BST,BTCUSDT,BUY,150999.11,0.0006318481978722508
1970-01-01 01:00:00 +0100 BST,BTCUSDT,SELL,147580.98,0.0006400176389835303
1970-01-01 01:00:00 +0100 BST,BTCUSDT,BUY,153524.52,0.0006213924308785357
1970-01-01 01:00:00 +0100 BST,BTCUSDT,SELL,165390.67,0.0005710417941679404
1970-01-01 01:00:00 +0100 BST,BTCUSDT,BUY,148005.76,0.0006444981248350882
1970-01-01 01:00:00 +0100 BST,BTCUSDT,SELL,150900,0.0006258153773157336
1970-01-01 01:00:00 +0100 BST,BTCUSDT,BUY,154784.86,0.0006162094654562057
1970-01-01 01:00:00 +0100 BST,BTCUSDT,SELL,168494.34,0.0005604110908586039
1970-01-01 01:00:00 +0100 BST,BTCUSDT,BUY,168182.4,0.0005670650308934198
1970-01-01 01:00:00 +0100 BST,BTCUSDT,SELL,168398,0.0005606756272236737
1970-01-01 01:00:00 +0100 BST,BTCUSDT,BUY,168601.44,0.0005655990886907273
1970-01-01 01:00:00 +0100 BST,BTCUSDT,SELL,168995.58,0.0005586371703199865
1970-01-01 01:00:00 +0100 BST,BTCUSDT,BUY,171999,0.0005543711575873275
1970-01-01 01:00:00 +0100 BST,BTCUSDT,SELL,176500,0.0005348315687621763
1970-01-01 01:00:00 +0100 BST,BTCUSDT,BUY,178903,0.0005329242640167541
1970-01-01 01:00:00 +0100 BST,BTCUSDT,SELL,175617.86,0.0005374643109153902
1970-01-01 01:00:00 +0100 BST,BTCUSDT,BUY,162188.98,0.000587784789265145
1970-01-01 01:00:00 +0100 BST,BTCUSDT,SELL,157363.78,0.0005997497853452969
1970-01-01 01:00:00 +0100 BST,BTCUSDT,BUY,161548.08,0.0005900576609074264
1970-01-01 01:00:00 +0100 BST,BTCUSDT,SELL,162099,0.0005821717307743844
1970-01-01 01:00:00 +0100 BST,BTCUSDT,BUY,162196.15,0.0005876412599230309
1970-01-01 01:00:00 +0100 BST,BTCUSDT,SELL,162296.24,0.0005814060661002267
1970-01-01 01:00:00 +0100 BST,BTCUSDT,BUY,161129.2,0.0005914732936405744
1970-01-01 01:00:00 +0100 BST,BTCUSDT,SELL,166490,0.0005667042010896399
1970-01-01 01:00:00 +0100 BST,BTCUSDT,BUY,168300.08,0.0005662153473950119
1970-01-01 01:00:00 +0100 BST,BTCUSDT,SELL,167086.97,0.0005646230066962744
1970-01-01 01:00:00 +0100 BST,BTCUSDT,BUY,168636.5,0.0005650292721622063
1970-01-01 01:00:00 +0100 BST,BTCUSDT,SELL,169535.03,0.0005564142895213578
1970-01-01 01:00:00 +0100 BST,BTCUSDT,BUY,171999.99,0.000553924627548504
1970-01-01 01:00:00 +0100 BST,BTCUSDT,SELL,169949.96,0.0005550003077088423
1970-01-01 01:00:00 +0100 BST,BTCUSDT,BUY,168001.05,0.0005670530207760994
1970-01-01 01:00:00 +0100 BST,BTCUSDT,SELL,187404.33,0.0005032586379786206
1970-01-01 01:00:00 +0100 BST,BTCUSDT,BUY,189539.5,0.0005025653035159789
1970-01-01 01:00:00 +0100 BST,BTCUSDT,SELL,190000,0.0004963337714858381
1970-01-01 01:00:00 +0100 BST,BTCUSDT,BUY,190473.36,0.0005000512971899709
1970-01-01 01:00:00 +0100 BST,BTCUSDT,SELL,189224.25,0.0004983187209918971
1970-01-01 01:00:00 +0100 BST,BTCUSDT,BUY,191706.96,0.0004967838731731884
1970-01-01 01:00:00 +0100 BST,BTCUSDT,SELL,207564.99,0.0004542411359547048
1970-01-01 01:00:00 +0100 BST,BTCUSDT,BUY,216500,0.00043984943376649974
1970-01-01 01:00:00 +0100 BST,BTCUSDT,SELL,217893.55,0.0004326659893619739
1970-01-01 01:00:00 +0100 BST,BTCUSDT,BUY,216144.96,0.00044052787384080654
1970-01-01 01:00:00 +0100 BST,BTCUSDT,SELL,212600,0.0004433946419261717
1970-01-01 01:00:00 +0100 BST,BTCUSDT,BUY,216000,0.000440779434639996
1970-01-01 01:00:00 +0100 BST,BTCUSDT,SELL,237400,0.00039703569630756847
1970-01-01 01:00:00 +0100 BST,BTCUSDT,BUY,204691.51,0.0004650844436413162
1970-01-01 01:00:00 +0100 BST,BTCUSDT,SELL,209836.73,0.000449143716050028
1970-01-01 01:00:00 +0100 BST,BTCUSDT,BUY,212501.05,0.00044794751443696994
1970-01-01 01:00:00 +0100 BST,BTCUSDT,SELL,207678.46,0.0004537659995702915
1970-01-01 01:00:00 +0100 BST,BTCUSDT,BUY,209893.06,0.0004534680576434017
1970-01-01 01:00:00 +0100 BST,BTCUSDT,SELL,226409.25,0.0004161844105252753
1970-01-01 01:00:00 +0100 BST,BTCUSDT,BUY,227442.59,0.0004184364953424373
1970-01-01 01:00:00 +0100 BST,BTCUSDT,SELL,227200.01,0.00041469442474362044
1970-01-01 01:00:00 +0100 BST,BTCUSDT,BUY,227604.34,0.00041809731406343913
1970-01-01 01:00:00 +0100 BST,BTCUSDT,SELL,227519.26,0.00041407112343346203
1970-01-01 01:00:00 +0100 BST,BTCUSDT,BUY,230338.91,0.0004130923739582663
1970-01-01 01:00:00 +0100 BST,BTCUSDT,SELL,227270,0.0004144838063773962
1970-01-01 01:00:00 +0100 BST,BTCUSDT,BUY,210043.85,0.000452961284142072
1970-01-01 01:00:00 +0100 BST,BTCUSDT,SELL,206999.99,0.00045502569687043615
1970-01-01 01:00:00 +0100 BST,BTCUSDT,BUY,209893.87,0.0004532396198561804
1970-01-01 01:00:00 +0100 BST,BTCUSDT,SELL,203999.99,0.00046167107983903884
1970-01-01 01:00:00 +0100 BST,BTCUSDT,BUY,199999.99,0.0004756135469164657
1970-01-01 01:00:00 +0100 BST,BTCUSDT,SELL,196350.01,0.0004796102510047546
1970-01-01 01:00:00 +0100 BST,BTCUSDT,BUY,202500,0.00046969477707009853
1970-01-01 01:00:00 +0100 BST,BTCUSDT,SELL,208585.52,0.00045143143413372124
1970-01-01 01:00:00 +0100 BST,BTCUSDT,BUY,210166.6,0.0004525156758374512
1970-01-01 01:00:00 +0100 BST,BTCUSDT,SELL,211149.05,0.00044590607548120477
1970-01-01 01:00:00 +0100 BST,BTCUSDT,BUY,210659.77,0.0004514111577609504
1970-01-01 01:00:00 +0100 BST,BTCUSDT,SELL,207318.08,0.0004541004284945238
1970-01-01 01:00:00 +0100 BST,BTCUSDT,BUY,208500,0.0004560415407783625
1970-01-01 01:00:00 +0100 BST,BTCUSDT,SELL,209892.01,0.0004484868892330189
1970-01-01 01:00:00 +0100 BST,BTCUSDT,BUY,208599.96,0.00045577742577785425
1970-01-01 01:00:00 +0100 BST,BTCUSDT,SELL,203888,0.0004616475773871034
1970-01-01 01:00:00 +0100 BST,BTCUSDT,BUY,210399.99,0.0004518329362605233
1970-01-01 01:00:00 +0100 BST,BTCUSDT,SELL,210136.9,0.00044787464180815416
1970-01-01 01:00:00 +0100 BST,BTCUSDT,BUY,210284.78,0.00045203527666794365
1970-01-01 01:00:00 +0100 BST,BTCUSDT,SELL,211778.22,0.0004443590909362355
1970-01-01 01:00:00 +0100 BST,BTCUSDT,BUY,210980.07,0.0004505005287584132
1970-01-01 01:00:00 +0100 BST,BTCUSDT,SELL,209762.97,0.00044858330696577264
1970-01-01 01:00:00 +0100 BST,BTCUSDT,BUY,209789.34,0.0004530121903676221
1970-01-01 01:00:00 +0100 BST,BTCUSDT,SELL,210224.7,0.00044755329485491485
1970-01-01 01:00:00 +0100 BST,BTCUSDT,BUY,211228.14,0.0004498814633141913
1970-01-01 01:00:00 +0100 BST,BTCUSDT,SELL,211847.75,0.0004440799983439594
1970-01-01 01:00:00 +0100 BST,BTCUSDT,BUY,211661.1,0.0004489163193135783
1970-01-01 01:00:00 +0100 BST,BTCUSDT,SELL,210973.47,0.0004458756863330949
1970-01-01 01:00:00 +0100 BST,BTCUSDT,BUY,211600,0.00044900104036705034
1970-01-01 01:00:00 +0100 BST,BTCUSDT,SELL,215945.68,0.00043556571235993786
1970-01-01 01:00:00 +0100 BST,BTCUSDT,BUY,216485,0.0004388254118283193
1970-01-01 01:00:00 +0100 BST,BTCUSDT,SELL,216272.46,0.00043486409729124627
1970-01-01 01:00:00 +0100 BST,BTCUSDT,BUY,215553.87,0.00044067693782406106
1970-01-01 01:00:00 +0100 BST,BTCUSDT,SELL,215700,0.0004359746090591029
1970-01-01 01:00:00 +0100 BST,BTCUSDT,BUY,211322.91,0.00044945491430999583
1970-01-01 01:00:00 +0100 BST,BTCUSDT,SELL,210352.52,0.00044701303888221105
1970-01-01 01:00:00 +0100 BST,BTCUSDT,BUY,211224.47,0.00044961941385743986
1970-01-01 01:00:00 +0100 BST,BTCUSDT,SELL,207490.66,0.00045313324546661956
1970-01-01 01:00:00 +0100 BST,BTCUSDT,BUY,211359.26,0.0004492877451004939
1970-01-01 01:00:00 +0100 BST,BTCUSDT,SELL,209939.99,0.0004478018412699454
1970-01-01 01:00:00 +0100 BST,BTCUSDT,BUY,211383.01,0.00044919234151777793
1970-01-01 01:00:00 +0100 BST,BTCUSDT,SELL,210882.84,0.0004457551545056303
1970-01-01 01:00:00 +0100 BST,BTCUSDT,BUY,210572.29,0.00045087667544506437
1970-01-01 01:00:00 +0100 BST,BTCUSDT,SELL,210044.1,0.00044749037328586434
1970-01-01 01:00:00 +0100 BST,BTCUSDT,BUY,203936.62,0.0004655007023390324
1970-01-01 01:00:00 +0100 BST,BTCUSDT,SELL,205791.86,0.000456691112292886
1970-01-01 01:00:00 +0100 BST,BTCUSDT,BUY,205341.76,0.0004622690804766847
1970-01-01 01:00:00 +0100 BST,BTCUSDT,SELL,203097.56,0.00046270331909884806
1970-01-01 01:00:00 +0100 BST,BTCUSDT,BUY,205186.89,0.00046257172796959015
1970-01-01 01:00:00 +0100 BST,BTCUSDT,SELL,212317.47,0.0004425661144199117
1970-01-01 01:00:00 +0100 BST,BTCUSDT,BUY,207212.54,0.0004580039552556993
1970-01-01 01:00:00 +0100 BST,BTCUSDT,SELL,207040.37,0.00045380097258130875
1970-01-01 01:00:00 +0100 BST,BTCUSDT,BUY,208650.48,0.00045480208088804754
1970-01-01 01:00:00 +0100 BST,BTCUSDT,SELL,207500,0.00045275048557815443
1970-01-01 01:00:00 +0100 BST,BTCUSDT,BUY,208901.35,0.00045421048267539545
1970-01-01 01:00:00 +0100 BST,BTCUSDT,SELL,207814.95,0.0004520191217469739
1970-01-01 01:00:00 +0100 BST,BTCUSDT,BUY,206050,0.00046044986409483245
1970-01-01 01:00:00 +0100 BST,BTCUSDT,SELL,206593.21,0.00045464677930011745
1970-01-01 01:00:00 +0100 BST,BTCUSDT,BUY,207000,0.0004582908547212103
1970-01-01 01:00:00 +0100 BST,BTCUSDT,SELL,206000.02,0.000455910367668982
1970-01-01 01:00:00 +0100 BST,BTCUSDT,BUY,209001.05,0.0004538576256272292
1970-01-01 01:00:00 +0100 BST,BTCUSDT,SELL,209093.5,0.0004491203844382146
1970-01-01 01:00:00 +0100 BST,BTCUSDT,BUY,212537.02,0.00044626218356955957
1970-01-01 01:00:00 +0100 BST,BTCUSDT,SELL,212698.34,0.0004414644810496474
1970-01-01 01:00:00 +0100 BST,BTCUSDT,BUY,213979.03,0.0004432104861448511
1970-01-01 01:00:00 +0100 BST,BTCUSDT,SELL,238976.56,0.0003928810943298902
1970-01-01 01:00:00 +0100 BST,BTCUSDT,BUY,241598.2,0.00039250402584171804
1970-01-01 01:00:00 +0100 BST,BTCUSDT,SELL,243500,0.00038554407997844545
1970-01-01 01:00:00 +0100 BST,BTCUSDT,BUY,244171.17,0.00038832915167461815
1970-01-01 01:00:00 +0100 BST,BTCUSDT,SELL,252634,0.00037156754623844765
1970-01-01 01:00:00 +0100 BST,BTCUSDT,BUY,252204,0.00037592306795755827
1970-01-01 01:00:00 +0100 BST,BTCUSDT,SELL,255500.92,0.000367361528157536
1970-01-01 01:00:00 +0100 BST,BTCUSDT,BUY,260000,0.0003646146942347112
1970-01-01 01:00:00 +0100 BST,BTCUSDT,SELL,260600,0.000360137460844262
1970-01-01 01:00:00 +0100 BST,BTCUSDT,BUY,263607.78,0.0003595885543248185
1970-01-01 01:00:00 +0100 BST,BTCUSDT,SELL,262333.28,0.00035772219641284187
1970-01-01 01:00:00 +0100 BST,BTCUSDT,BUY,268318.75,0.00035323979962236294
1970-01-01 01:00:00 +0100 BST,BTCUSDT,SELL,265801.87,0.0003530187837657939
1970-01-01 01:00:00 +0100 BST,BTCUSDT,BUY,258706.82,0.00036632734845866996
1970-01-01 01:00:00 +0100 BST,BTCUSDT,SELL,255930,0.00036659895113814973
1970-01-01 01:00:00 +0100 BST,BTCUSDT,BUY,262000,0.0003616866651161623
1970-01-01 01:00:00 +0100 BST,BTCUSDT,SELL,259046.55,0.00036215223556472834
1970-01-01 01:00:00 +0100 BST,BTCUSDT,BUY,260952.74,0.0003631018784083603
1970-01-01 01:00:00 +0100 BST,BTCUSDT,SELL,262142.49,0.0003578393787634748
1970-01-01 01:00:00 +0100 BST,BTCUSDT,BUY,260490.31,0.0003637100928122873
1970-01-01 01:00:00 +0100 BST,BTCUSDT,SELL,260043.45,0.0003606917431626656
1970-01-01 01:00:00 +0100 BST,BTCUSDT,BUY,259709.74,0.0003647667605047035
1970-01-01 01:00:00 +0100 BST,BTCUSDT,SELL,259884.23,0.00036087663236051545
1970-01-01 01:00:00 +0100 BST,BTCUSDT,BUY,268270.43,0.00035309149496374126
1970-01-01 01:00:00 +0100 BST,BTCUSDT,SELL,264840.83,0.00035408727238709015
1970-01-01 01:00:00 +0100 BST,BTCUSDT,BUY,260133.9,0.0003640991611725629
1970-01-01 01:00:00 +0100 BST,BTCUSDT,SELL,263000,0.0003565299978506535
1970-01-01 01:00:00 +0100 BST,BTCUSDT,BUY,262999.96,0.00036009535259651405
1970-01-01 01:00:00 +0100 BST,BTCUSDT,SELL,261397.46,0.00035867989190016775
1970-01-01 01:00:00 +0100 BST,BTCUSDT,BUY,254590,0.00037195330854603953
1970-01-01 01:00:00 +0100 BST,BTCUSDT,SELL,254201,0.0003687972781165646
1970-01-01 01:00:00 +0100 BST,BTCUSDT,BUY,257488.01,0.0003677302227138806
1970-01-01 01:00:00 +0100 BST,BTCUSDT,SELL,254600,0.00036818249030172575
1970-01-01 01:00:00 +0100 BST,BTCUSDT,BUY,251580.47,0.00037632752117494487
1970-01-01 01:00:00 +0100 BST,BTCUSDT,SELL,249809.5,0.00037520545897820655
1970-01-01 01:00:00 +0100 BST,BTCUSDT,BUY,251250.18,0.00037678455388832937
1970-01-01 01:00:00 +0100 BST,BTCUSDT,SELL,250308.41,0.0003744201607760835
1970-01-01 01:00:00 +0100 BST,BTCUSDT,BUY,250231.79,0.0003782801548394945
1970-01-01 01:00:00 +0100 BST,BTCUSDT,SELL,256504.25,0.00036533953361121403
1970-01-01 01:00:00 +0100 BST,BTCUSDT,BUY,259570.88,0.0003646335617267129
1970-01-01 01:00:00 +0100 BST,BTCUSDT,SELL,255919.27,0.0003661380088728286
1970-01-01 01:00:00 +0100 BST,BTCUSDT,BUY,228479.9,0.00041421057024923285
1970-01-01 01:00:00 +0100 BST,BTCUSDT,SELL,224219.07,0.0004178609864575427
1970-01-01 01:00:00 +0100 BST,BTCUSDT,BUY,222888.2,0.0004245596033819679
1970-01-01 01:00:00 +0100 BST,BTCUSDT,SELL,220413.09,0.0004250338876543836
1970-01-01 01:00:00 +0100 BST,BTCUSDT,BUY,223593.78,0.00042317752693273356
1970-01-01 01:00:00 +0100 BST,BTCUSDT,SELL,219714.27,0.0004263431056588281
1970-01-01 01:00:00 +0100 BST,BTCUSDT,BUY,222560.35,0.00042509998241670584
1970-01-01 01:00:00 +0100 BST,BTCUSDT,SELL,220481.4,0.00042481722659117434
1970-01-01 01:00:00 +0100 BST,BTCUSDT,BUY,222908.52,0.0004243935576422504
1970-01-01 01:00:00 +0100 BST,BTCUSDT,SELL,222109.96,0.0004216602012501062
1970-01-01 01:00:00 +0100 BST,BTCUSDT,BUY,221856.36,0.00042636361534817196
1970-01-01 01:00:00 +0100 BST,BTCUSDT,SELL,219050,0.0004275077148605784
1970-01-01 01:00:00 +0100 BST,BTCUSDT,BUY,220811.28,0.0004283387179749685
1970-01-01 01:00:00 +0100 BST,BTCUSDT,SELL,219360.21,0.0004268604610823252
1970-01-01 01:00:00 +0100 BST,BTCUSDT,BUY,223769.54,0.00042263376144739277
1970-01-01 01:00:00 +0100 BST,BTCUSDT,SELL,228909.54,0.00040901238438414267
1970-01-01 01:00:00 +0100 BST,BTCUSDT,BUY,229088.85,0.00041277916900501295
1970-01-01 01:00:00 +0100 BST,BTCUSDT,SELL,232136.2,0.00040328683798563475
1970-01-01 01:00:00 +0100 BST,BTCUSDT,BUY,228653.98,0.0004135228646394038
1970-01-01 01:00:00 +0100 BST,BTCUSDT,SELL,238816.86,0.00039196609624878633
1970-01-01 01:00:00 +0100 BST,BTCUSDT,BUY,243883.88,0.00038766069104657035
1970-01-01 01:00:00 +0100 BST,BTCUSDT,SELL,239907.85,0.00039014459727499393
1970-01-01 01:00:00 +0100 BST,BTCUSDT,BUY,241306.92,0.00039176140923175045
1970-01-01 01:00:00 +0100 BST,BTCUSDT,SELL,238906.91,0.0003917399946540162
1970-01-01 01:00:00 +0100 BST,BTCUSDT,BUY,238700,0.00039600035845274245
1970-01-01 01:00:00 +0100 BST,BTCUSDT,SELL,230597.78,0.0004058149766534739
1970-01-01 01:00:00 +0100 BST,BTCUSDT,BUY,229380,0.00041204914567143325
1970-01-01 01:00:00 +0100 BST,BTCUSDT,SELL,230369.69,0.000406176154092894
1970-01-01 01:00:00 +0100 BST,BTCUSDT,BUY,230943.77,0.00040921814626482435
1970-01-01 01:00:00 +0100 BST,BTCUSDT,SELL,229200,0.00040820819213046184
1970-01-01 01:00:00 +0100 BST,BTCUSDT,BUY,229697.15,0.00041139792467022286
1970-01-01 01:00:00 +0100 BST,BTCUSDT,SELL,229949.85,0.00040683636673186877
1970-01-01 01:00:00 +0100 BST,BTCUSDT,BUY,229000,0.00041260908785844364
1970-01-01 01:00:00 +0100 BST,BTCUSDT,SELL,227110.99,0.0004118805801004511
1970-01-01 01:00:00 +0100 BST,BTCUSDT,BUY,233200.44,0.0004051365956748264
1970-01-01 01:00:00 +0100 BST,BTCUSDT,SELL,240076.4,0.0003895978615463948
1970-01-01 01:00:00 +0100 BST,BTCUSDT,BUY,240118.98,0.00039342406238871444
1970-01-01 01:00:00 +0100 BST,BTCUSDT,SELL,243256.42,0.0003844663122253963
1970-01-01 01:00:00 +0100 BST,BTCUSDT,BUY,243202.18,0.00038839757813757125
1970-01-01 01:00:00 +0100 BST,BTCUSDT,SELL,243174.44,0.0003845574655489282
1970-01-01 01:00:00 +0100 BST,BTCUSDT,BUY,242898.21,0.0003888447419847462
1970-01-01 01:00:00 +0100 BST,BTCUSDT,SELL,245499.38,0.0003808775194383246
1970-01-01 01:00:00 +0100 BST,BTCUSDT,BUY,242610,0.00038926774175354324
1970-01-01 01:00:00 +0100 BST,BTCUSDT,SELL,242733.11,0.0003851796088245186
1970-01-01 01:00:00 +0100 BST,BTCUSDT,BUY,244385.02,0.0003864017639139438
1970-01-01 01:00:00 +0100 BST,BTCUSDT,SELL,240769.02,0.0003882829060571123
1970-01-01 01:00:00 +0100 BST,BTCUSDT,BUY,240780.71,0.0003921466953140233
1970-01-01 01:00:00 +0100 BST,BTCUSDT,SELL,240432.91,0.0003887868184294969
1970-01-01 01:00:00 +0100 BST,BTCUSDT,BUY,240742.39,0.00039216989407595405
1970-01-01 01:00:00 +0100 BST,BTCUSDT,SELL,241950.41,0.0003863097335112311
1970-01-01 01:00:00 +0100 BST,BTCUSDT,BUY,246231,0.00038338989158202434
1970-01-01 01:00:00 +0100 BST,BTCUSDT,SELL,270402.81,0.0003456267766972987
1970-01-01 01:00:00 +0100 BST,BTCUSDT,BUY,271119.6,0.00034816013355911567
1970-01-01 01:00:00 +0100 BST,BTCUSDT,SELL,271260.46,0.0003444995477226171
1970-01-01 01:00:00 +0100 BST,BTCUSDT,BUY,274249.54,0.0003441522521528363
1970-01-01 01:00:00 +0100 BST,BTCUSDT,SELL,273900.89,0.0003411444222559867
1970-01-01 01:00:00 +0100 BST,BTCUSDT,BUY,275303.12,0.00034280090426579645
1970-01-01 01:00:00 +0100 BST,BTCUSDT,SELL,278988.6,0.0003348897298970752
1970-01-01 01:00:00 +0100 BST,BTCUSDT,BUY,290653.23,0.00032466427800353974
1970-01-01 01:00:00 +0100 BST,BTCUSDT,SELL,283695.61,0.0003293003859195188
1970-01-01 01:00:00 +0100 BST,BTCUSDT,BUY,288256.24,0.0003273312820400351
1970-01-01 01:00:00 +0100 BST,BTCUSDT,SELL,291064,0.0003209319316345808
1970-01-01 01:00:00 +0100 BST,BTCUSDT,BUY,293122.98,0.0003218643897069432
1970-01-01 01:00:00 +0100 BST,BTCUSDT,SELL,289455.49,0.00032268308532034653
1970-01-01 01:00:00 +0100 BST,BTCUSDT,BUY,290336.17,0.00032492132992549235
1970-01-01 01:00:00 +0100 BST,BTCUSDT,SELL,287000,0.00032541132521621984
1970-01-01 01:00:00 +0100 BST,BTCUSDT,BUY,292555.24,0.0003224245131976637
1970-01-01 01:00:00 +0100 BST,BTCUSDT,SELL,297168.5,0.0003142449856967391
1970-01-01 01:00:00 +0100 BST,BTCUSDT,BUY,294154.95,0.0003206389970399669
1970-01-01 01:00:00 +0100 BST,BTCUSDT,SELL,320203.59,0.0002916093872055532
1970-01-01 01:00:00 +0100 BST,BTCUSDT,BUY,317125.86,0.0002973838727233641
1970-01-01 01:00:00 +0100 BST,BTCUSDT,SELL,305000,0.0003061148695857446
1970-01-01 01:00:00 +0100 BST,BTCUSDT,BUY,312519.55,0.00030173691718130474
1970-01-01 01:00:00 +0100 BST,BTCUSDT,SELL,312459.67,0.00029877679484245043
1970-01-01 01:00:00 +0100 BST,BTCUSDT,BUY,312277.62,0.0003019404839428809
1970-01-01 01:00:00 +0100 BST,BTCUSDT,SELL,331369.31,0.00028169887896455385
1970-01-01 01:00:00 +0100 BST,BTCUSDT,BUY,328118.13,0.0002873350118805088
1970-01-01 01:00:00 +0100 BST,BTCUSDT,SELL,324575.71,0.00028756627695258744
1970-01-01 01:00:00 +0100 BST,BTCUSDT,BUY,330000,0.0002856678751487338
1970-01-01 01:00:00 +0100 BST,BTCUSDT,SELL,362752.96,0.00025727617718430555
1970-01-01 01:00:00 +0100 BST,BTCUSDT,BUY,360318.84,0.0002616043384220548
1970-01-01 01:00:00 +0100 BST,BTCUSDT,SELL,358216.77,0.00026050807739015175
1970-01-01 01:00:00 +0100 BST,BTCUSDT,BUY,362107.41,0.00026028615559683325
1970-01-01 01:00:00 +0100 BST,BTCUSDT,SELL,364070.95,0.0002562935334593601
1970-01-01 01:00:00 +0100 BST,BTCUSDT,BUY,366951.01,0.0002568248020558932
1970-01-01 01:00:00 +0100 BST,BTCUSDT,SELL,367622.53,0.007650919527930184
